
> tripagent-site-app@0.1.0 dev
> vite


  VITE v5.4.21  ready in 147 ms

  ➜  Local:   http://localhost:5173/
  ➜  Network: use --host to expose
2:15:53 pm [vite] hmr update /src/pages/CityPage.tsx, /src/pages/ZonePage.tsx
2:24:53 pm [vite] hmr update /src/pages/CityPage.tsx, /src/pages/ZonePage.tsx
2:27:34 pm [vite] hmr update /src/pages/CityPage.tsx, /src/pages/ZonePage.tsx
2:29:34 pm [vite] hmr update /src/pages/CityPage.tsx, /src/pages/ZonePage.tsx
2:31:53 pm [vite] hmr update /src/pages/CityPage.tsx, /src/pages/ZonePage.tsx
2:33:15 pm [vite] hmr update /src/pages/CityPage.tsx, /src/pages/ZonePage.tsx
2:35:53 pm [vite] hmr update /src/pages/CityPage.tsx, /src/pages/ZonePage.tsx
2:38:14 pm [vite] hmr update /src/pages/CityPage.tsx, /src/pages/ZonePage.tsx
2:40:53 pm [vite] hmr update /src/pages/CityPage.tsx, /src/pages/ZonePage.tsx
2:44:13 pm [vite] hmr update /src/pages/CityPage.tsx, /src/pages/ZonePage.tsx
2:51:33 pm [vite] hmr update /src/pages/CityPage.tsx, /src/pages/ZonePage.tsx
2:54:34 pm [vite] hmr update /src/pages/CityPage.tsx, /src/pages/ZonePage.tsx
2:57:53 pm [vite] hmr update /src/pages/CityPage.tsx, /src/pages/ZonePage.tsx
3:00:59 pm [vite] hmr update /src/pages/CityPage.tsx, /src/pages/ZonePage.tsx
3:04:13 pm [vite] hmr update /src/pages/CityPage.tsx, /src/pages/ZonePage.tsx
3:07:34 pm [vite] .env.local changed, restarting server...
3:07:34 pm [vite] server restarted.
3:18:35 pm [vite] hmr update /src/pages/CityPage.tsx, /src/pages/ZonePage.tsx
3:27:14 pm [vite] hmr update /src/pages/CityPage.tsx, /src/pages/ZonePage.tsx
3:32:54 pm [vite] hmr update /src/pages/CityPage.tsx, /src/pages/ZonePage.tsx
3:35:34 pm [vite] hmr update /src/pages/CityPage.tsx, /src/pages/ZonePage.tsx
3:37:56 pm [vite] hmr update /src/pages/CityPage.tsx, /src/pages/ZonePage.tsx
3:45:17 pm [vite] hmr update /src/pages/CityPage.tsx, /src/pages/ZonePage.tsx
3:49:18 pm [vite] hmr update /src/pages/CityPage.tsx, /src/pages/ZonePage.tsx
3:54:56 pm [vite] hmr update /src/pages/CityPage.tsx, /src/pages/ZonePage.tsx
3:58:56 pm [vite] hmr update /src/pages/CityPage.tsx, /src/pages/ZonePage.tsx
4:02:37 pm [vite] hmr update /src/pages/CityPage.tsx, /src/pages/ZonePage.tsx
4:09:04 pm [vite] hmr update /src/pages/CityPage.tsx, /src/pages/ZonePage.tsx
4:11:57 pm [vite] hmr update /src/pages/CityPage.tsx, /src/pages/ZonePage.tsx
4:15:17 pm [vite] hmr update /src/pages/CityPage.tsx, /src/pages/ZonePage.tsx
4:20:01 pm [vite] hmr update /src/pages/CityPage.tsx, /src/pages/ZonePage.tsx
4:23:14 pm [vite] hmr update /src/pages/CityPage.tsx, /src/pages/ZonePage.tsx
4:26:52 pm [vite] hmr update /src/pages/CityPage.tsx, /src/pages/ZonePage.tsx
5:04:35 pm [vite] hmr update /src/pages/CityPage.tsx, /src/pages/ZonePage.tsx
5:12:47 pm [vite] hmr update /src/pages/CityPage.tsx, /src/pages/ZonePage.tsx
5:31:04 pm [vite] hmr update /src/pages/CityPage.tsx, /src/pages/ZonePage.tsx
5:37:43 pm [vite] hmr update /src/pages/CityPage.tsx, /src/pages/ZonePage.tsx
5:41:02 pm [vite] hmr update /src/pages/CityPage.tsx, /src/pages/ZonePage.tsx
5:49:37 pm [vite] hmr update /src/pages/CityPage.tsx, /src/pages/ZonePage.tsx
5:53:16 pm [vite] hmr update /src/pages/CityPage.tsx, /src/pages/ZonePage.tsx
5:54:56 pm [vite] hmr update /src/pages/CityPage.tsx, /src/pages/ZonePage.tsx
5:56:36 pm [vite] hmr update /src/pages/CityPage.tsx, /src/pages/ZonePage.tsx
5:59:37 pm [vite] hmr update /src/pages/CityPage.tsx, /src/pages/ZonePage.tsx
6:01:38 pm [vite] hmr update /src/pages/CityPage.tsx, /src/pages/ZonePage.tsx
6:08:17 pm [vite] hmr update /src/pages/CityPage.tsx, /src/pages/ZonePage.tsx
6:10:18 pm [vite] hmr update /src/pages/CityPage.tsx, /src/pages/ZonePage.tsx
6:18:37 pm [vite] hmr update /src/pages/CityPage.tsx, /src/pages/ZonePage.tsx
6:26:56 pm [vite] hmr update /src/pages/CityPage.tsx, /src/pages/ZonePage.tsx
6:32:57 pm [vite] hmr update /src/pages/CityPage.tsx, /src/pages/ZonePage.tsx
6:36:17 pm [vite] hmr update /src/pages/CityPage.tsx, /src/pages/ZonePage.tsx
6:38:17 pm [vite] hmr update /src/pages/CityPage.tsx, /src/pages/ZonePage.tsx
6:40:36 pm [vite] hmr update /src/pages/CityPage.tsx, /src/pages/ZonePage.tsx
6:47:36 pm [vite] hmr update /src/pages/CityPage.tsx, /src/pages/ZonePage.tsx
6:49:57 pm [vite] hmr update /src/pages/CityPage.tsx, /src/pages/ZonePage.tsx
6:52:37 pm [vite] hmr update /src/pages/CityPage.tsx, /src/pages/ZonePage.tsx
6:57:37 pm [vite] hmr update /src/pages/CityPage.tsx, /src/pages/ZonePage.tsx
4:11:59 am [vite] hmr update /src/pages/CityPage.tsx, /src/pages/ZonePage.tsx
9:55:48 am [vite] hmr update /src/pages/CityPage.tsx, /src/pages/ZonePage.tsx
1:26:13 pm [vite] hmr update /src/components/layout/Layout.tsx
1:26:13 pm [vite] hmr update /src/pages/CityPage.tsx, /src/pages/ZonePage.tsx
1:26:13 pm [vite] hmr update /src/pages/CityPage.tsx
1:26:13 pm [vite] hmr update /src/pages/CityPage.tsx
1:26:13 pm [vite] hmr update /src/pages/PageRouter.tsx
1:26:15 pm [vite] hmr update /src/components/CalendarSection.tsx
1:26:15 pm [vite] hmr update /src/components/DestinationPlanner.tsx
1:26:15 pm [vite] hmr update /src/components/DestinationPlanner.tsx
1:26:15 pm [vite] hmr update /src/components/HeroCarousel.tsx
1:26:15 pm [vite] hmr update /src/components/HeroCarousel.tsx
1:26:15 pm [vite] hmr update /src/components/layout/AdvisorButton.tsx
1:26:15 pm [vite] hmr update /src/components/layout/Header.tsx
1:26:15 pm [vite] hmr update /src/css/site.css
1:26:15 pm [vite] hmr update /src/pages/CityPage.tsx, /src/pages/ZonePage.tsx
1:26:15 pm [vite] hmr update /src/pages/HomePage.tsx
1:26:15 pm [vite] hmr update /src/pages/AboutPage.tsx
1:26:15 pm [vite] hmr update /src/pages/BusinessVsFirstPage.tsx
1:26:15 pm [vite] hmr update /src/pages/CabinGuidePage.tsx
1:26:15 pm [vite] hmr update /src/pages/CareersPage.tsx
1:26:15 pm [vite] hmr update /src/pages/CityPage.tsx
1:26:15 pm [vite] hmr update /src/pages/CollectionPageLayout.tsx
1:26:15 pm [vite] hmr update /src/pages/DeepGuideLayout.tsx
1:26:15 pm [vite] hmr update /src/pages/DestinationsIndexPage.tsx
1:26:15 pm [vite] hmr update /src/pages/FirstInternationalTripPage.tsx
1:26:15 pm [vite] hmr update /src/pages/GoInPage.tsx
1:26:15 pm [vite] hmr update /src/pages/GuidesHubLayout.tsx
1:26:15 pm [vite] hmr update /src/pages/HelpPage.tsx
1:26:15 pm [vite] hmr update /src/pages/HomePage.tsx
1:26:15 pm [vite] hmr update /src/pages/HowItWorksPage.tsx
1:26:15 pm [vite] hmr update /src/pages/HowWeWorkPage.tsx
1:26:15 pm [vite] hmr update /src/pages/ItinerariesPage.tsx
1:26:15 pm [vite] hmr update /src/pages/JournalPage.tsx
1:26:15 pm [vite] hmr update /src/pages/MembershipPage.tsx
1:26:15 pm [vite] hmr update /src/pages/OffersPage.tsx
1:26:15 pm [vite] hmr update /src/pages/PointsPage.tsx
1:26:15 pm [vite] hmr update /src/pages/PortalPage.tsx
1:26:15 pm [vite] hmr update /src/pages/ProtectionPage.tsx
1:26:15 pm [vite] hmr update /src/pages/RoutePage.tsx
1:26:15 pm [vite] hmr update /src/pages/ServicesPage.tsx
1:26:15 pm [vite] hmr update /src/pages/VillaOrHotelPage.tsx
1:26:15 pm [vite] hmr update /src/pages/VisaPage.tsx
1:26:15 pm [vite] hmr update /src/pages/WhenToGoPage.tsx
1:26:15 pm [vite] hmr update /src/pages/CityPage.tsx, /src/pages/ZonePage.tsx
1:26:15 pm [vite] hmr update /src/pages/HomePage.tsx
1:26:16 pm [vite] Pre-transform error: Failed to resolve import "d3-geo" from "src/components/WorldMap.tsx". Does the file exist?
1:26:16 pm [vite] hmr update /src/pages/CityPage.tsx, /src/pages/ZonePage.tsx
1:26:16 pm [vite] hmr update /src/components/layout/Layout.tsx
1:26:16 pm [vite] Internal server error: Failed to resolve import "d3-geo" from "src/components/WorldMap.tsx". Does the file exist?
  Plugin: vite:import-analysis
  File: /Users/bhanumathi.s/dev/Customerfe/src/components/WorldMap.tsx:3:46
  18 |  import { useEffect, useMemo, useRef, useState } from "react";
  19 |  import { Link } from "react-router-dom";
  20 |  import { geoPath, geoCentroid, geoArea } from "d3-geo";
     |                                                 ^
  21 |  import { geoMiller } from "d3-geo-projection";
  22 |  import { feature, merge } from "topojson-client";
      at TransformPluginContext._formatError (file:///Users/bhanumathi.s/dev/Customerfe/node_modules/vite/dist/node/chunks/dep-BK3b2jBa.js:49258:41)
      at TransformPluginContext.error (file:///Users/bhanumathi.s/dev/Customerfe/node_modules/vite/dist/node/chunks/dep-BK3b2jBa.js:49253:16)
      at normalizeUrl (file:///Users/bhanumathi.s/dev/Customerfe/node_modules/vite/dist/node/chunks/dep-BK3b2jBa.js:64307:23)
      at process.processTicksAndRejections (node:internal/process/task_queues:104:5)
      at async file:///Users/bhanumathi.s/dev/Customerfe/node_modules/vite/dist/node/chunks/dep-BK3b2jBa.js:64439:39
      at async Promise.all (index 5)
      at async TransformPluginContext.transform (file:///Users/bhanumathi.s/dev/Customerfe/node_modules/vite/dist/node/chunks/dep-BK3b2jBa.js:64366:7)
      at async PluginContainer.transform (file:///Users/bhanumathi.s/dev/Customerfe/node_modules/vite/dist/node/chunks/dep-BK3b2jBa.js:49099:18)
      at async loadAndTransform (file:///Users/bhanumathi.s/dev/Customerfe/node_modules/vite/dist/node/chunks/dep-BK3b2jBa.js:51978:27)
      at async viteTransformMiddleware (file:///Users/bhanumathi.s/dev/Customerfe/node_modules/vite/dist/node/chunks/dep-BK3b2jBa.js:62106:24)
1:26:16 pm [vite] hmr update /src/pages/CityPage.tsx, /src/pages/ZonePage.tsx
1:26:16 pm [vite] hmr update /src/pages/CityPage.tsx
1:26:16 pm [vite] hmr update /src/pages/CityPage.tsx
1:26:16 pm [vite] hmr update /src/pages/PageRouter.tsx
1:26:16 pm [vite] Pre-transform error: Failed to parse JSON file, invalid JSON syntax found at position 67899
1:26:16 pm [vite] Pre-transform error: Failed to parse JSON file, invalid JSON syntax found at position 67899
1:26:16 pm [vite] Pre-transform error: Failed to parse JSON file, invalid JSON syntax found at position 67899
1:26:16 pm [vite] Internal server error: Failed to parse JSON file, invalid JSON syntax found at position 67899
  Plugin: vite:json
  File: /Users/bhanumathi.s/dev/Customerfe/src/data/cities.generated.json:1313:52
  1311|          {
  1312|            "when": "early December",
  1313|            "name": "Formula 1 Abu Dhabi Grand Prix",
     |                                                     ^
  1314|  <<<<<<< Updated upstream
  1315|            "note": "The season finale at Yas Marina (3\u20136 December 2026), with Yasalam after-race concerts included for ticket holders.",
      at TransformPluginContext._formatError (file:///Users/bhanumathi.s/dev/Customerfe/node_modules/vite/dist/node/chunks/dep-BK3b2jBa.js:49258:41)
      at TransformPluginContext.error (file:///Users/bhanumathi.s/dev/Customerfe/node_modules/vite/dist/node/chunks/dep-BK3b2jBa.js:49253:16)
      at TransformPluginContext.transform (file:///Users/bhanumathi.s/dev/Customerfe/node_modules/vite/dist/node/chunks/dep-BK3b2jBa.js:47184:14)
      at PluginContainer.transform (file:///Users/bhanumathi.s/dev/Customerfe/node_modules/vite/dist/node/chunks/dep-BK3b2jBa.js:49100:19)
      at async loadAndTransform (file:///Users/bhanumathi.s/dev/Customerfe/node_modules/vite/dist/node/chunks/dep-BK3b2jBa.js:51978:27)
1:26:16 pm [vite] Internal server error: Failed to parse JSON file, invalid JSON syntax found at position 67899
  Plugin: vite:json
  File: /Users/bhanumathi.s/dev/Customerfe/src/data/cities.generated.json:1313:52
  1311|          {
  1312|            "when": "early December",
  1313|            "name": "Formula 1 Abu Dhabi Grand Prix",
     |                                                     ^
  1314|  <<<<<<< Updated upstream
  1315|            "note": "The season finale at Yas Marina (3\u20136 December 2026), with Yasalam after-race concerts included for ticket holders.",
      at TransformPluginContext._formatError (file:///Users/bhanumathi.s/dev/Customerfe/node_modules/vite/dist/node/chunks/dep-BK3b2jBa.js:49258:41)
      at TransformPluginContext.error (file:///Users/bhanumathi.s/dev/Customerfe/node_modules/vite/dist/node/chunks/dep-BK3b2jBa.js:49253:16)
      at TransformPluginContext.transform (file:///Users/bhanumathi.s/dev/Customerfe/node_modules/vite/dist/node/chunks/dep-BK3b2jBa.js:47184:14)
      at PluginContainer.transform (file:///Users/bhanumathi.s/dev/Customerfe/node_modules/vite/dist/node/chunks/dep-BK3b2jBa.js:49100:19)
      at async loadAndTransform (file:///Users/bhanumathi.s/dev/Customerfe/node_modules/vite/dist/node/chunks/dep-BK3b2jBa.js:51978:27)
1:26:16 pm [vite] Pre-transform error: Failed to parse JSON file, invalid JSON syntax found at position 67899
1:26:16 pm [vite] Pre-transform error: Failed to parse JSON file, invalid JSON syntax found at position 67899
1:26:16 pm [vite] Pre-transform error: Failed to parse JSON file, invalid JSON syntax found at position 67899
1:26:16 pm [vite] Internal server error: Failed to parse JSON file, invalid JSON syntax found at position 67899
  Plugin: vite:json
  File: /Users/bhanumathi.s/dev/Customerfe/src/data/cities.generated.json:1313:52
  1311|          {
  1312|            "when": "early December",
  1313|            "name": "Formula 1 Abu Dhabi Grand Prix",
     |                                                     ^
  1314|  <<<<<<< Updated upstream
  1315|            "note": "The season finale at Yas Marina (3\u20136 December 2026), with Yasalam after-race concerts included for ticket holders.",
      at TransformPluginContext._formatError (file:///Users/bhanumathi.s/dev/Customerfe/node_modules/vite/dist/node/chunks/dep-BK3b2jBa.js:49258:41)
      at TransformPluginContext.error (file:///Users/bhanumathi.s/dev/Customerfe/node_modules/vite/dist/node/chunks/dep-BK3b2jBa.js:49253:16)
      at TransformPluginContext.transform (file:///Users/bhanumathi.s/dev/Customerfe/node_modules/vite/dist/node/chunks/dep-BK3b2jBa.js:47184:14)
      at PluginContainer.transform (file:///Users/bhanumathi.s/dev/Customerfe/node_modules/vite/dist/node/chunks/dep-BK3b2jBa.js:49100:19)
      at async loadAndTransform (file:///Users/bhanumathi.s/dev/Customerfe/node_modules/vite/dist/node/chunks/dep-BK3b2jBa.js:51978:27)
      at async viteTransformMiddleware (file:///Users/bhanumathi.s/dev/Customerfe/node_modules/vite/dist/node/chunks/dep-BK3b2jBa.js:62106:24)
1:26:17 pm [vite] Internal server error: Failed to resolve import "d3-geo" from "src/components/WorldMap.tsx". Does the file exist?
  Plugin: vite:import-analysis
  File: /Users/bhanumathi.s/dev/Customerfe/src/components/WorldMap.tsx:3:46
  18 |  import { useEffect, useMemo, useRef, useState } from "react";
  19 |  import { Link } from "react-router-dom";
  20 |  import { geoPath, geoCentroid, geoArea } from "d3-geo";
     |                                                 ^
  21 |  import { geoMiller } from "d3-geo-projection";
  22 |  import { feature, merge } from "topojson-client";
      at TransformPluginContext._formatError (file:///Users/bhanumathi.s/dev/Customerfe/node_modules/vite/dist/node/chunks/dep-BK3b2jBa.js:49258:41)
      at TransformPluginContext.error (file:///Users/bhanumathi.s/dev/Customerfe/node_modules/vite/dist/node/chunks/dep-BK3b2jBa.js:49253:16)
      at normalizeUrl (file:///Users/bhanumathi.s/dev/Customerfe/node_modules/vite/dist/node/chunks/dep-BK3b2jBa.js:64307:23)
      at process.processTicksAndRejections (node:internal/process/task_queues:104:5)
      at async file:///Users/bhanumathi.s/dev/Customerfe/node_modules/vite/dist/node/chunks/dep-BK3b2jBa.js:64439:39
      at async Promise.all (index 5)
      at async TransformPluginContext.transform (file:///Users/bhanumathi.s/dev/Customerfe/node_modules/vite/dist/node/chunks/dep-BK3b2jBa.js:64366:7)
      at async PluginContainer.transform (file:///Users/bhanumathi.s/dev/Customerfe/node_modules/vite/dist/node/chunks/dep-BK3b2jBa.js:49099:18)
      at async loadAndTransform (file:///Users/bhanumathi.s/dev/Customerfe/node_modules/vite/dist/node/chunks/dep-BK3b2jBa.js:51978:27)
      at async viteTransformMiddleware (file:///Users/bhanumathi.s/dev/Customerfe/node_modules/vite/dist/node/chunks/dep-BK3b2jBa.js:62106:24)
1:26:17 pm [vite] Internal server error: Failed to resolve import "d3-geo" from "src/components/WorldMap.tsx". Does the file exist?
  Plugin: vite:import-analysis
  File: /Users/bhanumathi.s/dev/Customerfe/src/components/WorldMap.tsx:3:46
  18 |  import { useEffect, useMemo, useRef, useState } from "react";
  19 |  import { Link } from "react-router-dom";
  20 |  import { geoPath, geoCentroid, geoArea } from "d3-geo";
     |                                                 ^
  21 |  import { geoMiller } from "d3-geo-projection";
  22 |  import { feature, merge } from "topojson-client";
      at TransformPluginContext._formatError (file:///Users/bhanumathi.s/dev/Customerfe/node_modules/vite/dist/node/chunks/dep-BK3b2jBa.js:49258:41)
      at TransformPluginContext.error (file:///Users/bhanumathi.s/dev/Customerfe/node_modules/vite/dist/node/chunks/dep-BK3b2jBa.js:49253:16)
      at normalizeUrl (file:///Users/bhanumathi.s/dev/Customerfe/node_modules/vite/dist/node/chunks/dep-BK3b2jBa.js:64307:23)
      at process.processTicksAndRejections (node:internal/process/task_queues:104:5)
      at async file:///Users/bhanumathi.s/dev/Customerfe/node_modules/vite/dist/node/chunks/dep-BK3b2jBa.js:64439:39
      at async Promise.all (index 5)
      at async TransformPluginContext.transform (file:///Users/bhanumathi.s/dev/Customerfe/node_modules/vite/dist/node/chunks/dep-BK3b2jBa.js:64366:7)
      at async PluginContainer.transform (file:///Users/bhanumathi.s/dev/Customerfe/node_modules/vite/dist/node/chunks/dep-BK3b2jBa.js:49099:18)
      at async loadAndTransform (file:///Users/bhanumathi.s/dev/Customerfe/node_modules/vite/dist/node/chunks/dep-BK3b2jBa.js:51978:27)
      at async viteTransformMiddleware (file:///Users/bhanumathi.s/dev/Customerfe/node_modules/vite/dist/node/chunks/dep-BK3b2jBa.js:62106:24)
1:26:17 pm [vite] Internal server error: Failed to parse JSON file, invalid JSON syntax found at position 67899
  Plugin: vite:json
  File: /Users/bhanumathi.s/dev/Customerfe/src/data/cities.generated.json:1313:52
  1311|          {
  1312|            "when": "early December",
  1313|            "name": "Formula 1 Abu Dhabi Grand Prix",
     |                                                     ^
  1314|  <<<<<<< Updated upstream
  1315|            "note": "The season finale at Yas Marina (3\u20136 December 2026), with Yasalam after-race concerts included for ticket holders.",
      at TransformPluginContext._formatError (file:///Users/bhanumathi.s/dev/Customerfe/node_modules/vite/dist/node/chunks/dep-BK3b2jBa.js:49258:41)
      at TransformPluginContext.error (file:///Users/bhanumathi.s/dev/Customerfe/node_modules/vite/dist/node/chunks/dep-BK3b2jBa.js:49253:16)
      at TransformPluginContext.transform (file:///Users/bhanumathi.s/dev/Customerfe/node_modules/vite/dist/node/chunks/dep-BK3b2jBa.js:47184:14)
      at PluginContainer.transform (file:///Users/bhanumathi.s/dev/Customerfe/node_modules/vite/dist/node/chunks/dep-BK3b2jBa.js:49100:19)
      at async loadAndTransform (file:///Users/bhanumathi.s/dev/Customerfe/node_modules/vite/dist/node/chunks/dep-BK3b2jBa.js:51978:27)
1:26:17 pm [vite] Internal server error: Failed to parse JSON file, invalid JSON syntax found at position 67899
  Plugin: vite:json
  File: /Users/bhanumathi.s/dev/Customerfe/src/data/cities.generated.json:1313:52
  1311|          {
  1312|            "when": "early December",
  1313|            "name": "Formula 1 Abu Dhabi Grand Prix",
     |                                                     ^
  1314|  <<<<<<< Updated upstream
  1315|            "note": "The season finale at Yas Marina (3\u20136 December 2026), with Yasalam after-race concerts included for ticket holders.",
      at TransformPluginContext._formatError (file:///Users/bhanumathi.s/dev/Customerfe/node_modules/vite/dist/node/chunks/dep-BK3b2jBa.js:49258:41)
      at TransformPluginContext.error (file:///Users/bhanumathi.s/dev/Customerfe/node_modules/vite/dist/node/chunks/dep-BK3b2jBa.js:49253:16)
      at TransformPluginContext.transform (file:///Users/bhanumathi.s/dev/Customerfe/node_modules/vite/dist/node/chunks/dep-BK3b2jBa.js:47184:14)
      at PluginContainer.transform (file:///Users/bhanumathi.s/dev/Customerfe/node_modules/vite/dist/node/chunks/dep-BK3b2jBa.js:49100:19)
      at async loadAndTransform (file:///Users/bhanumathi.s/dev/Customerfe/node_modules/vite/dist/node/chunks/dep-BK3b2jBa.js:51978:27)
1:26:17 pm [vite] Pre-transform error: Failed to parse JSON file, invalid JSON syntax found at position 67899
1:26:17 pm [vite] Pre-transform error: Failed to parse JSON file, invalid JSON syntax found at position 67899
1:26:17 pm [vite] Internal server error: Failed to resolve import "d3-geo" from "src/components/WorldMap.tsx". Does the file exist?
  Plugin: vite:import-analysis
  File: /Users/bhanumathi.s/dev/Customerfe/src/components/WorldMap.tsx:3:46
  18 |  import { useEffect, useMemo, useRef, useState } from "react";
  19 |  import { Link } from "react-router-dom";
  20 |  import { geoPath, geoCentroid, geoArea } from "d3-geo";
     |                                                 ^
  21 |  import { geoMiller } from "d3-geo-projection";
  22 |  import { feature, merge } from "topojson-client";
      at TransformPluginContext._formatError (file:///Users/bhanumathi.s/dev/Customerfe/node_modules/vite/dist/node/chunks/dep-BK3b2jBa.js:49258:41)
      at TransformPluginContext.error (file:///Users/bhanumathi.s/dev/Customerfe/node_modules/vite/dist/node/chunks/dep-BK3b2jBa.js:49253:16)
      at normalizeUrl (file:///Users/bhanumathi.s/dev/Customerfe/node_modules/vite/dist/node/chunks/dep-BK3b2jBa.js:64307:23)
      at process.processTicksAndRejections (node:internal/process/task_queues:104:5)
      at async file:///Users/bhanumathi.s/dev/Customerfe/node_modules/vite/dist/node/chunks/dep-BK3b2jBa.js:64439:39
      at async Promise.all (index 5)
      at async TransformPluginContext.transform (file:///Users/bhanumathi.s/dev/Customerfe/node_modules/vite/dist/node/chunks/dep-BK3b2jBa.js:64366:7)
      at async PluginContainer.transform (file:///Users/bhanumathi.s/dev/Customerfe/node_modules/vite/dist/node/chunks/dep-BK3b2jBa.js:49099:18)
      at async loadAndTransform (file:///Users/bhanumathi.s/dev/Customerfe/node_modules/vite/dist/node/chunks/dep-BK3b2jBa.js:51978:27)
      at async viteTransformMiddleware (file:///Users/bhanumathi.s/dev/Customerfe/node_modules/vite/dist/node/chunks/dep-BK3b2jBa.js:62106:24)
1:26:17 pm [vite] Internal server error: Failed to resolve import "d3-geo" from "src/components/WorldMap.tsx". Does the file exist?
  Plugin: vite:import-analysis
  File: /Users/bhanumathi.s/dev/Customerfe/src/components/WorldMap.tsx:3:46
  18 |  import { useEffect, useMemo, useRef, useState } from "react";
  19 |  import { Link } from "react-router-dom";
  20 |  import { geoPath, geoCentroid, geoArea } from "d3-geo";
     |                                                 ^
  21 |  import { geoMiller } from "d3-geo-projection";
  22 |  import { feature, merge } from "topojson-client";
      at TransformPluginContext._formatError (file:///Users/bhanumathi.s/dev/Customerfe/node_modules/vite/dist/node/chunks/dep-BK3b2jBa.js:49258:41)
      at TransformPluginContext.error (file:///Users/bhanumathi.s/dev/Customerfe/node_modules/vite/dist/node/chunks/dep-BK3b2jBa.js:49253:16)
      at normalizeUrl (file:///Users/bhanumathi.s/dev/Customerfe/node_modules/vite/dist/node/chunks/dep-BK3b2jBa.js:64307:23)
      at process.processTicksAndRejections (node:internal/process/task_queues:104:5)
      at async file:///Users/bhanumathi.s/dev/Customerfe/node_modules/vite/dist/node/chunks/dep-BK3b2jBa.js:64439:39
      at async Promise.all (index 5)
      at async TransformPluginContext.transform (file:///Users/bhanumathi.s/dev/Customerfe/node_modules/vite/dist/node/chunks/dep-BK3b2jBa.js:64366:7)
      at async PluginContainer.transform (file:///Users/bhanumathi.s/dev/Customerfe/node_modules/vite/dist/node/chunks/dep-BK3b2jBa.js:49099:18)
      at async loadAndTransform (file:///Users/bhanumathi.s/dev/Customerfe/node_modules/vite/dist/node/chunks/dep-BK3b2jBa.js:51978:27)
      at async viteTransformMiddleware (file:///Users/bhanumathi.s/dev/Customerfe/node_modules/vite/dist/node/chunks/dep-BK3b2jBa.js:62106:24)
1:26:17 pm [vite] Internal server error: Failed to parse JSON file, invalid JSON syntax found at position 67899
  Plugin: vite:json
  File: /Users/bhanumathi.s/dev/Customerfe/src/data/cities.generated.json:1313:52
  1311|          {
  1312|            "when": "early December",
  1313|            "name": "Formula 1 Abu Dhabi Grand Prix",
     |                                                     ^
  1314|  <<<<<<< Updated upstream
  1315|            "note": "The season finale at Yas Marina (3\u20136 December 2026), with Yasalam after-race concerts included for ticket holders.",
      at TransformPluginContext._formatError (file:///Users/bhanumathi.s/dev/Customerfe/node_modules/vite/dist/node/chunks/dep-BK3b2jBa.js:49258:41)
      at TransformPluginContext.error (file:///Users/bhanumathi.s/dev/Customerfe/node_modules/vite/dist/node/chunks/dep-BK3b2jBa.js:49253:16)
      at TransformPluginContext.transform (file:///Users/bhanumathi.s/dev/Customerfe/node_modules/vite/dist/node/chunks/dep-BK3b2jBa.js:47184:14)
      at PluginContainer.transform (file:///Users/bhanumathi.s/dev/Customerfe/node_modules/vite/dist/node/chunks/dep-BK3b2jBa.js:49100:19)
      at async loadAndTransform (file:///Users/bhanumathi.s/dev/Customerfe/node_modules/vite/dist/node/chunks/dep-BK3b2jBa.js:51978:27)
1:26:17 pm [vite] Internal server error: Failed to parse JSON file, invalid JSON syntax found at position 67899
  Plugin: vite:json
  File: /Users/bhanumathi.s/dev/Customerfe/src/data/cities.generated.json:1313:52
  1311|          {
  1312|            "when": "early December",
  1313|            "name": "Formula 1 Abu Dhabi Grand Prix",
     |                                                     ^
  1314|  <<<<<<< Updated upstream
  1315|            "note": "The season finale at Yas Marina (3\u20136 December 2026), with Yasalam after-race concerts included for ticket holders.",
      at TransformPluginContext._formatError (file:///Users/bhanumathi.s/dev/Customerfe/node_modules/vite/dist/node/chunks/dep-BK3b2jBa.js:49258:41)
      at TransformPluginContext.error (file:///Users/bhanumathi.s/dev/Customerfe/node_modules/vite/dist/node/chunks/dep-BK3b2jBa.js:49253:16)
      at TransformPluginContext.transform (file:///Users/bhanumathi.s/dev/Customerfe/node_modules/vite/dist/node/chunks/dep-BK3b2jBa.js:47184:14)
      at PluginContainer.transform (file:///Users/bhanumathi.s/dev/Customerfe/node_modules/vite/dist/node/chunks/dep-BK3b2jBa.js:49100:19)
      at async loadAndTransform (file:///Users/bhanumathi.s/dev/Customerfe/node_modules/vite/dist/node/chunks/dep-BK3b2jBa.js:51978:27)
1:26:17 pm [vite] Pre-transform error: Failed to parse JSON file, invalid JSON syntax found at position 67899
1:26:17 pm [vite] Pre-transform error: Failed to parse JSON file, invalid JSON syntax found at position 67899
1:26:18 pm [vite] Internal server error: Failed to parse JSON file, invalid JSON syntax found at position 67899
  Plugin: vite:json
  File: /Users/bhanumathi.s/dev/Customerfe/src/data/cities.generated.json:1313:52
  1311|          {
  1312|            "when": "early December",
  1313|            "name": "Formula 1 Abu Dhabi Grand Prix",
     |                                                     ^
  1314|  <<<<<<< Updated upstream
  1315|            "note": "The season finale at Yas Marina (3\u20136 December 2026), with Yasalam after-race concerts included for ticket holders.",
      at TransformPluginContext._formatError (file:///Users/bhanumathi.s/dev/Customerfe/node_modules/vite/dist/node/chunks/dep-BK3b2jBa.js:49258:41)
      at TransformPluginContext.error (file:///Users/bhanumathi.s/dev/Customerfe/node_modules/vite/dist/node/chunks/dep-BK3b2jBa.js:49253:16)
      at TransformPluginContext.transform (file:///Users/bhanumathi.s/dev/Customerfe/node_modules/vite/dist/node/chunks/dep-BK3b2jBa.js:47184:14)
      at PluginContainer.transform (file:///Users/bhanumathi.s/dev/Customerfe/node_modules/vite/dist/node/chunks/dep-BK3b2jBa.js:49100:19)
      at async loadAndTransform (file:///Users/bhanumathi.s/dev/Customerfe/node_modules/vite/dist/node/chunks/dep-BK3b2jBa.js:51978:27)
1:26:18 pm [vite] Internal server error: Failed to parse JSON file, invalid JSON syntax found at position 67899
  Plugin: vite:json
  File: /Users/bhanumathi.s/dev/Customerfe/src/data/cities.generated.json:1313:52
  1311|          {
  1312|            "when": "early December",
  1313|            "name": "Formula 1 Abu Dhabi Grand Prix",
     |                                                     ^
  1314|  <<<<<<< Updated upstream
  1315|            "note": "The season finale at Yas Marina (3\u20136 December 2026), with Yasalam after-race concerts included for ticket holders.",
      at TransformPluginContext._formatError (file:///Users/bhanumathi.s/dev/Customerfe/node_modules/vite/dist/node/chunks/dep-BK3b2jBa.js:49258:41)
      at TransformPluginContext.error (file:///Users/bhanumathi.s/dev/Customerfe/node_modules/vite/dist/node/chunks/dep-BK3b2jBa.js:49253:16)
      at TransformPluginContext.transform (file:///Users/bhanumathi.s/dev/Customerfe/node_modules/vite/dist/node/chunks/dep-BK3b2jBa.js:47184:14)
      at PluginContainer.transform (file:///Users/bhanumathi.s/dev/Customerfe/node_modules/vite/dist/node/chunks/dep-BK3b2jBa.js:49100:19)
      at async loadAndTransform (file:///Users/bhanumathi.s/dev/Customerfe/node_modules/vite/dist/node/chunks/dep-BK3b2jBa.js:51978:27)
1:26:18 pm [vite] Internal server error: Failed to parse JSON file, invalid JSON syntax found at position 67899
  Plugin: vite:json
  File: /Users/bhanumathi.s/dev/Customerfe/src/data/cities.generated.json:1313:52
  1311|          {
  1312|            "when": "early December",
  1313|            "name": "Formula 1 Abu Dhabi Grand Prix",
     |                                                     ^
  1314|  <<<<<<< Updated upstream
  1315|            "note": "The season finale at Yas Marina (3\u20136 December 2026), with Yasalam after-race concerts included for ticket holders.",
      at TransformPluginContext._formatError (file:///Users/bhanumathi.s/dev/Customerfe/node_modules/vite/dist/node/chunks/dep-BK3b2jBa.js:49258:41)
      at TransformPluginContext.error (file:///Users/bhanumathi.s/dev/Customerfe/node_modules/vite/dist/node/chunks/dep-BK3b2jBa.js:49253:16)
      at TransformPluginContext.transform (file:///Users/bhanumathi.s/dev/Customerfe/node_modules/vite/dist/node/chunks/dep-BK3b2jBa.js:47184:14)
      at PluginContainer.transform (file:///Users/bhanumathi.s/dev/Customerfe/node_modules/vite/dist/node/chunks/dep-BK3b2jBa.js:49100:19)
      at async loadAndTransform (file:///Users/bhanumathi.s/dev/Customerfe/node_modules/vite/dist/node/chunks/dep-BK3b2jBa.js:51978:27)
1:26:18 pm [vite] Internal server error: Failed to parse JSON file, invalid JSON syntax found at position 67899
  Plugin: vite:json
  File: /Users/bhanumathi.s/dev/Customerfe/src/data/cities.generated.json:1313:52
  1311|          {
  1312|            "when": "early December",
  1313|            "name": "Formula 1 Abu Dhabi Grand Prix",
     |                                                     ^
  1314|  <<<<<<< Updated upstream
  1315|            "note": "The season finale at Yas Marina (3\u20136 December 2026), with Yasalam after-race concerts included for ticket holders.",
      at TransformPluginContext._formatError (file:///Users/bhanumathi.s/dev/Customerfe/node_modules/vite/dist/node/chunks/dep-BK3b2jBa.js:49258:41)
      at TransformPluginContext.error (file:///Users/bhanumathi.s/dev/Customerfe/node_modules/vite/dist/node/chunks/dep-BK3b2jBa.js:49253:16)
      at TransformPluginContext.transform (file:///Users/bhanumathi.s/dev/Customerfe/node_modules/vite/dist/node/chunks/dep-BK3b2jBa.js:47184:14)
      at PluginContainer.transform (file:///Users/bhanumathi.s/dev/Customerfe/node_modules/vite/dist/node/chunks/dep-BK3b2jBa.js:49100:19)
      at async loadAndTransform (file:///Users/bhanumathi.s/dev/Customerfe/node_modules/vite/dist/node/chunks/dep-BK3b2jBa.js:51978:27)
1:26:18 pm [vite] Internal server error: Failed to parse JSON file, invalid JSON syntax found at position 67899
  Plugin: vite:json
  File: /Users/bhanumathi.s/dev/Customerfe/src/data/cities.generated.json:1313:52
  1311|          {
  1312|            "when": "early December",
  1313|            "name": "Formula 1 Abu Dhabi Grand Prix",
     |                                                     ^
  1314|  <<<<<<< Updated upstream
  1315|            "note": "The season finale at Yas Marina (3\u20136 December 2026), with Yasalam after-race concerts included for ticket holders.",
      at TransformPluginContext._formatError (file:///Users/bhanumathi.s/dev/Customerfe/node_modules/vite/dist/node/chunks/dep-BK3b2jBa.js:49258:41)
      at TransformPluginContext.error (file:///Users/bhanumathi.s/dev/Customerfe/node_modules/vite/dist/node/chunks/dep-BK3b2jBa.js:49253:16)
      at TransformPluginContext.transform (file:///Users/bhanumathi.s/dev/Customerfe/node_modules/vite/dist/node/chunks/dep-BK3b2jBa.js:47184:14)
      at PluginContainer.transform (file:///Users/bhanumathi.s/dev/Customerfe/node_modules/vite/dist/node/chunks/dep-BK3b2jBa.js:49100:19)
      at async loadAndTransform (file:///Users/bhanumathi.s/dev/Customerfe/node_modules/vite/dist/node/chunks/dep-BK3b2jBa.js:51978:27)
1:26:18 pm [vite] Internal server error: Failed to parse JSON file, invalid JSON syntax found at position 67899
  Plugin: vite:json
  File: /Users/bhanumathi.s/dev/Customerfe/src/data/cities.generated.json:1313:52
  1311|          {
  1312|            "when": "early December",
  1313|            "name": "Formula 1 Abu Dhabi Grand Prix",
     |                                                     ^
  1314|  <<<<<<< Updated upstream
  1315|            "note": "The season finale at Yas Marina (3\u20136 December 2026), with Yasalam after-race concerts included for ticket holders.",
      at TransformPluginContext._formatError (file:///Users/bhanumathi.s/dev/Customerfe/node_modules/vite/dist/node/chunks/dep-BK3b2jBa.js:49258:41)
      at TransformPluginContext.error (file:///Users/bhanumathi.s/dev/Customerfe/node_modules/vite/dist/node/chunks/dep-BK3b2jBa.js:49253:16)
      at TransformPluginContext.transform (file:///Users/bhanumathi.s/dev/Customerfe/node_modules/vite/dist/node/chunks/dep-BK3b2jBa.js:47184:14)
      at PluginContainer.transform (file:///Users/bhanumathi.s/dev/Customerfe/node_modules/vite/dist/node/chunks/dep-BK3b2jBa.js:49100:19)
      at async loadAndTransform (file:///Users/bhanumathi.s/dev/Customerfe/node_modules/vite/dist/node/chunks/dep-BK3b2jBa.js:51978:27)
1:26:18 pm [vite] Internal server error: Failed to parse JSON file, invalid JSON syntax found at position 67899
  Plugin: vite:json
  File: /Users/bhanumathi.s/dev/Customerfe/src/data/cities.generated.json:1313:52
  1311|          {
  1312|            "when": "early December",
  1313|            "name": "Formula 1 Abu Dhabi Grand Prix",
     |                                                     ^
  1314|  <<<<<<< Updated upstream
  1315|            "note": "The season finale at Yas Marina (3\u20136 December 2026), with Yasalam after-race concerts included for ticket holders.",
      at TransformPluginContext._formatError (file:///Users/bhanumathi.s/dev/Customerfe/node_modules/vite/dist/node/chunks/dep-BK3b2jBa.js:49258:41)
      at TransformPluginContext.error (file:///Users/bhanumathi.s/dev/Customerfe/node_modules/vite/dist/node/chunks/dep-BK3b2jBa.js:49253:16)
      at TransformPluginContext.transform (file:///Users/bhanumathi.s/dev/Customerfe/node_modules/vite/dist/node/chunks/dep-BK3b2jBa.js:47184:14)
      at PluginContainer.transform (file:///Users/bhanumathi.s/dev/Customerfe/node_modules/vite/dist/node/chunks/dep-BK3b2jBa.js:49100:19)
      at async loadAndTransform (file:///Users/bhanumathi.s/dev/Customerfe/node_modules/vite/dist/node/chunks/dep-BK3b2jBa.js:51978:27)
1:26:18 pm [vite] Internal server error: Failed to parse JSON file, invalid JSON syntax found at position 67899
  Plugin: vite:json
  File: /Users/bhanumathi.s/dev/Customerfe/src/data/cities.generated.json:1313:52
  1311|          {
  1312|            "when": "early December",
  1313|            "name": "Formula 1 Abu Dhabi Grand Prix",
     |                                                     ^
  1314|  <<<<<<< Updated upstream
  1315|            "note": "The season finale at Yas Marina (3\u20136 December 2026), with Yasalam after-race concerts included for ticket holders.",
      at TransformPluginContext._formatError (file:///Users/bhanumathi.s/dev/Customerfe/node_modules/vite/dist/node/chunks/dep-BK3b2jBa.js:49258:41)
      at TransformPluginContext.error (file:///Users/bhanumathi.s/dev/Customerfe/node_modules/vite/dist/node/chunks/dep-BK3b2jBa.js:49253:16)
      at TransformPluginContext.transform (file:///Users/bhanumathi.s/dev/Customerfe/node_modules/vite/dist/node/chunks/dep-BK3b2jBa.js:47184:14)
      at PluginContainer.transform (file:///Users/bhanumathi.s/dev/Customerfe/node_modules/vite/dist/node/chunks/dep-BK3b2jBa.js:49100:19)
      at async loadAndTransform (file:///Users/bhanumathi.s/dev/Customerfe/node_modules/vite/dist/node/chunks/dep-BK3b2jBa.js:51978:27)
1:26:19 pm [vite] Internal server error: Failed to resolve import "d3-geo" from "src/components/WorldMap.tsx". Does the file exist?
  Plugin: vite:import-analysis
  File: /Users/bhanumathi.s/dev/Customerfe/src/components/WorldMap.tsx:3:46
  18 |  import { useEffect, useMemo, useRef, useState } from "react";
  19 |  import { Link } from "react-router-dom";
  20 |  import { geoPath, geoCentroid, geoArea } from "d3-geo";
     |                                                 ^
  21 |  import { geoMiller } from "d3-geo-projection";
  22 |  import { feature, merge } from "topojson-client";
      at TransformPluginContext._formatError (file:///Users/bhanumathi.s/dev/Customerfe/node_modules/vite/dist/node/chunks/dep-BK3b2jBa.js:49258:41)
      at TransformPluginContext.error (file:///Users/bhanumathi.s/dev/Customerfe/node_modules/vite/dist/node/chunks/dep-BK3b2jBa.js:49253:16)
      at normalizeUrl (file:///Users/bhanumathi.s/dev/Customerfe/node_modules/vite/dist/node/chunks/dep-BK3b2jBa.js:64307:23)
      at process.processTicksAndRejections (node:internal/process/task_queues:104:5)
      at async file:///Users/bhanumathi.s/dev/Customerfe/node_modules/vite/dist/node/chunks/dep-BK3b2jBa.js:64439:39
      at async Promise.all (index 5)
      at async TransformPluginContext.transform (file:///Users/bhanumathi.s/dev/Customerfe/node_modules/vite/dist/node/chunks/dep-BK3b2jBa.js:64366:7)
      at async PluginContainer.transform (file:///Users/bhanumathi.s/dev/Customerfe/node_modules/vite/dist/node/chunks/dep-BK3b2jBa.js:49099:18)
      at async loadAndTransform (file:///Users/bhanumathi.s/dev/Customerfe/node_modules/vite/dist/node/chunks/dep-BK3b2jBa.js:51978:27)
      at async viteTransformMiddleware (file:///Users/bhanumathi.s/dev/Customerfe/node_modules/vite/dist/node/chunks/dep-BK3b2jBa.js:62106:24)
1:26:19 pm [vite] Internal server error: Failed to parse JSON file, invalid JSON syntax found at position 67899
  Plugin: vite:json
  File: /Users/bhanumathi.s/dev/Customerfe/src/data/cities.generated.json:1313:52
  1311|          {
  1312|            "when": "early December",
  1313|            "name": "Formula 1 Abu Dhabi Grand Prix",
     |                                                     ^
  1314|  <<<<<<< Updated upstream
  1315|            "note": "The season finale at Yas Marina (3\u20136 December 2026), with Yasalam after-race concerts included for ticket holders.",
      at TransformPluginContext._formatError (file:///Users/bhanumathi.s/dev/Customerfe/node_modules/vite/dist/node/chunks/dep-BK3b2jBa.js:49258:41)
      at TransformPluginContext.error (file:///Users/bhanumathi.s/dev/Customerfe/node_modules/vite/dist/node/chunks/dep-BK3b2jBa.js:49253:16)
      at TransformPluginContext.transform (file:///Users/bhanumathi.s/dev/Customerfe/node_modules/vite/dist/node/chunks/dep-BK3b2jBa.js:47184:14)
      at PluginContainer.transform (file:///Users/bhanumathi.s/dev/Customerfe/node_modules/vite/dist/node/chunks/dep-BK3b2jBa.js:49100:19)
      at async loadAndTransform (file:///Users/bhanumathi.s/dev/Customerfe/node_modules/vite/dist/node/chunks/dep-BK3b2jBa.js:51978:27)
1:26:19 pm [vite] Internal server error: Failed to parse JSON file, invalid JSON syntax found at position 67899
  Plugin: vite:json
  File: /Users/bhanumathi.s/dev/Customerfe/src/data/cities.generated.json:1313:52
  1311|          {
  1312|            "when": "early December",
  1313|            "name": "Formula 1 Abu Dhabi Grand Prix",
     |                                                     ^
  1314|  <<<<<<< Updated upstream
  1315|            "note": "The season finale at Yas Marina (3\u20136 December 2026), with Yasalam after-race concerts included for ticket holders.",
      at TransformPluginContext._formatError (file:///Users/bhanumathi.s/dev/Customerfe/node_modules/vite/dist/node/chunks/dep-BK3b2jBa.js:49258:41)
      at TransformPluginContext.error (file:///Users/bhanumathi.s/dev/Customerfe/node_modules/vite/dist/node/chunks/dep-BK3b2jBa.js:49253:16)
      at TransformPluginContext.transform (file:///Users/bhanumathi.s/dev/Customerfe/node_modules/vite/dist/node/chunks/dep-BK3b2jBa.js:47184:14)
      at PluginContainer.transform (file:///Users/bhanumathi.s/dev/Customerfe/node_modules/vite/dist/node/chunks/dep-BK3b2jBa.js:49100:19)
      at async loadAndTransform (file:///Users/bhanumathi.s/dev/Customerfe/node_modules/vite/dist/node/chunks/dep-BK3b2jBa.js:51978:27)
1:26:19 pm [vite] Internal server error: Failed to parse JSON file, invalid JSON syntax found at position 67899
  Plugin: vite:json
  File: /Users/bhanumathi.s/dev/Customerfe/src/data/cities.generated.json:1313:52
  1311|          {
  1312|            "when": "early December",
  1313|            "name": "Formula 1 Abu Dhabi Grand Prix",
     |                                                     ^
  1314|  <<<<<<< Updated upstream
  1315|            "note": "The season finale at Yas Marina (3\u20136 December 2026), with Yasalam after-race concerts included for ticket holders.",
      at TransformPluginContext._formatError (file:///Users/bhanumathi.s/dev/Customerfe/node_modules/vite/dist/node/chunks/dep-BK3b2jBa.js:49258:41)
      at TransformPluginContext.error (file:///Users/bhanumathi.s/dev/Customerfe/node_modules/vite/dist/node/chunks/dep-BK3b2jBa.js:49253:16)
      at TransformPluginContext.transform (file:///Users/bhanumathi.s/dev/Customerfe/node_modules/vite/dist/node/chunks/dep-BK3b2jBa.js:47184:14)
      at PluginContainer.transform (file:///Users/bhanumathi.s/dev/Customerfe/node_modules/vite/dist/node/chunks/dep-BK3b2jBa.js:49100:19)
      at async loadAndTransform (file:///Users/bhanumathi.s/dev/Customerfe/node_modules/vite/dist/node/chunks/dep-BK3b2jBa.js:51978:27)
1:26:19 pm [vite] Internal server error: Failed to resolve import "d3-geo" from "src/components/WorldMap.tsx". Does the file exist?
  Plugin: vite:import-analysis
  File: /Users/bhanumathi.s/dev/Customerfe/src/components/WorldMap.tsx:3:46
  18 |  import { useEffect, useMemo, useRef, useState } from "react";
  19 |  import { Link } from "react-router-dom";
  20 |  import { geoPath, geoCentroid, geoArea } from "d3-geo";
     |                                                 ^
  21 |  import { geoMiller } from "d3-geo-projection";
  22 |  import { feature, merge } from "topojson-client";
      at TransformPluginContext._formatError (file:///Users/bhanumathi.s/dev/Customerfe/node_modules/vite/dist/node/chunks/dep-BK3b2jBa.js:49258:41)
      at TransformPluginContext.error (file:///Users/bhanumathi.s/dev/Customerfe/node_modules/vite/dist/node/chunks/dep-BK3b2jBa.js:49253:16)
      at normalizeUrl (file:///Users/bhanumathi.s/dev/Customerfe/node_modules/vite/dist/node/chunks/dep-BK3b2jBa.js:64307:23)
      at process.processTicksAndRejections (node:internal/process/task_queues:104:5)
      at async file:///Users/bhanumathi.s/dev/Customerfe/node_modules/vite/dist/node/chunks/dep-BK3b2jBa.js:64439:39
      at async Promise.all (index 5)
      at async TransformPluginContext.transform (file:///Users/bhanumathi.s/dev/Customerfe/node_modules/vite/dist/node/chunks/dep-BK3b2jBa.js:64366:7)
      at async PluginContainer.transform (file:///Users/bhanumathi.s/dev/Customerfe/node_modules/vite/dist/node/chunks/dep-BK3b2jBa.js:49099:18)
      at async loadAndTransform (file:///Users/bhanumathi.s/dev/Customerfe/node_modules/vite/dist/node/chunks/dep-BK3b2jBa.js:51978:27)
      at async viteTransformMiddleware (file:///Users/bhanumathi.s/dev/Customerfe/node_modules/vite/dist/node/chunks/dep-BK3b2jBa.js:62106:24)
1:26:19 pm [vite] Pre-transform error: Failed to parse JSON file, invalid JSON syntax found at position 67899
1:26:19 pm [vite] Pre-transform error: Failed to parse JSON file, invalid JSON syntax found at position 67899
1:26:19 pm [vite] Internal server error: Failed to resolve import "d3-geo" from "src/components/WorldMap.tsx". Does the file exist?
  Plugin: vite:import-analysis
  File: /Users/bhanumathi.s/dev/Customerfe/src/components/WorldMap.tsx:3:46
  18 |  import { useEffect, useMemo, useRef, useState } from "react";
  19 |  import { Link } from "react-router-dom";
  20 |  import { geoPath, geoCentroid, geoArea } from "d3-geo";
     |                                                 ^
  21 |  import { geoMiller } from "d3-geo-projection";
  22 |  import { feature, merge } from "topojson-client";
      at TransformPluginContext._formatError (file:///Users/bhanumathi.s/dev/Customerfe/node_modules/vite/dist/node/chunks/dep-BK3b2jBa.js:49258:41)
      at TransformPluginContext.error (file:///Users/bhanumathi.s/dev/Customerfe/node_modules/vite/dist/node/chunks/dep-BK3b2jBa.js:49253:16)
      at normalizeUrl (file:///Users/bhanumathi.s/dev/Customerfe/node_modules/vite/dist/node/chunks/dep-BK3b2jBa.js:64307:23)
      at process.processTicksAndRejections (node:internal/process/task_queues:104:5)
      at async file:///Users/bhanumathi.s/dev/Customerfe/node_modules/vite/dist/node/chunks/dep-BK3b2jBa.js:64439:39
      at async Promise.all (index 5)
      at async TransformPluginContext.transform (file:///Users/bhanumathi.s/dev/Customerfe/node_modules/vite/dist/node/chunks/dep-BK3b2jBa.js:64366:7)
      at async PluginContainer.transform (file:///Users/bhanumathi.s/dev/Customerfe/node_modules/vite/dist/node/chunks/dep-BK3b2jBa.js:49099:18)
      at async loadAndTransform (file:///Users/bhanumathi.s/dev/Customerfe/node_modules/vite/dist/node/chunks/dep-BK3b2jBa.js:51978:27)
      at async viteTransformMiddleware (file:///Users/bhanumathi.s/dev/Customerfe/node_modules/vite/dist/node/chunks/dep-BK3b2jBa.js:62106:24)
1:26:19 pm [vite] Internal server error: Failed to parse JSON file, invalid JSON syntax found at position 67899
  Plugin: vite:json
  File: /Users/bhanumathi.s/dev/Customerfe/src/data/cities.generated.json:1313:52
  1311|          {
  1312|            "when": "early December",
  1313|            "name": "Formula 1 Abu Dhabi Grand Prix",
     |                                                     ^
  1314|  <<<<<<< Updated upstream
  1315|            "note": "The season finale at Yas Marina (3\u20136 December 2026), with Yasalam after-race concerts included for ticket holders.",
      at TransformPluginContext._formatError (file:///Users/bhanumathi.s/dev/Customerfe/node_modules/vite/dist/node/chunks/dep-BK3b2jBa.js:49258:41)
      at TransformPluginContext.error (file:///Users/bhanumathi.s/dev/Customerfe/node_modules/vite/dist/node/chunks/dep-BK3b2jBa.js:49253:16)
      at TransformPluginContext.transform (file:///Users/bhanumathi.s/dev/Customerfe/node_modules/vite/dist/node/chunks/dep-BK3b2jBa.js:47184:14)
      at PluginContainer.transform (file:///Users/bhanumathi.s/dev/Customerfe/node_modules/vite/dist/node/chunks/dep-BK3b2jBa.js:49100:19)
      at async loadAndTransform (file:///Users/bhanumathi.s/dev/Customerfe/node_modules/vite/dist/node/chunks/dep-BK3b2jBa.js:51978:27)
1:26:19 pm [vite] Internal server error: Failed to parse JSON file, invalid JSON syntax found at position 67899
  Plugin: vite:json
  File: /Users/bhanumathi.s/dev/Customerfe/src/data/cities.generated.json:1313:52
  1311|          {
  1312|            "when": "early December",
  1313|            "name": "Formula 1 Abu Dhabi Grand Prix",
     |                                                     ^
  1314|  <<<<<<< Updated upstream
  1315|            "note": "The season finale at Yas Marina (3\u20136 December 2026), with Yasalam after-race concerts included for ticket holders.",
      at TransformPluginContext._formatError (file:///Users/bhanumathi.s/dev/Customerfe/node_modules/vite/dist/node/chunks/dep-BK3b2jBa.js:49258:41)
      at TransformPluginContext.error (file:///Users/bhanumathi.s/dev/Customerfe/node_modules/vite/dist/node/chunks/dep-BK3b2jBa.js:49253:16)
      at TransformPluginContext.transform (file:///Users/bhanumathi.s/dev/Customerfe/node_modules/vite/dist/node/chunks/dep-BK3b2jBa.js:47184:14)
      at PluginContainer.transform (file:///Users/bhanumathi.s/dev/Customerfe/node_modules/vite/dist/node/chunks/dep-BK3b2jBa.js:49100:19)
      at async loadAndTransform (file:///Users/bhanumathi.s/dev/Customerfe/node_modules/vite/dist/node/chunks/dep-BK3b2jBa.js:51978:27)
1:26:19 pm [vite] Internal server error: Failed to parse JSON file, invalid JSON syntax found at position 67899
  Plugin: vite:json
  File: /Users/bhanumathi.s/dev/Customerfe/src/data/cities.generated.json:1313:52
  1311|          {
  1312|            "when": "early December",
  1313|            "name": "Formula 1 Abu Dhabi Grand Prix",
     |                                                     ^
  1314|  <<<<<<< Updated upstream
  1315|            "note": "The season finale at Yas Marina (3\u20136 December 2026), with Yasalam after-race concerts included for ticket holders.",
      at TransformPluginContext._formatError (file:///Users/bhanumathi.s/dev/Customerfe/node_modules/vite/dist/node/chunks/dep-BK3b2jBa.js:49258:41)
      at TransformPluginContext.error (file:///Users/bhanumathi.s/dev/Customerfe/node_modules/vite/dist/node/chunks/dep-BK3b2jBa.js:49253:16)
      at TransformPluginContext.transform (file:///Users/bhanumathi.s/dev/Customerfe/node_modules/vite/dist/node/chunks/dep-BK3b2jBa.js:47184:14)
      at PluginContainer.transform (file:///Users/bhanumathi.s/dev/Customerfe/node_modules/vite/dist/node/chunks/dep-BK3b2jBa.js:49100:19)
      at async loadAndTransform (file:///Users/bhanumathi.s/dev/Customerfe/node_modules/vite/dist/node/chunks/dep-BK3b2jBa.js:51978:27)
1:26:20 pm [vite] Pre-transform error: Failed to parse JSON file, invalid JSON syntax found at position 67899
1:26:20 pm [vite] Internal server error: Failed to parse JSON file, invalid JSON syntax found at position 67899
  Plugin: vite:json
  File: /Users/bhanumathi.s/dev/Customerfe/src/data/cities.generated.json:1313:52
  1311|          {
  1312|            "when": "early December",
  1313|            "name": "Formula 1 Abu Dhabi Grand Prix",
     |                                                     ^
  1314|  <<<<<<< Updated upstream
  1315|            "note": "The season finale at Yas Marina (3\u20136 December 2026), with Yasalam after-race concerts included for ticket holders.",
      at TransformPluginContext._formatError (file:///Users/bhanumathi.s/dev/Customerfe/node_modules/vite/dist/node/chunks/dep-BK3b2jBa.js:49258:41)
      at TransformPluginContext.error (file:///Users/bhanumathi.s/dev/Customerfe/node_modules/vite/dist/node/chunks/dep-BK3b2jBa.js:49253:16)
      at TransformPluginContext.transform (file:///Users/bhanumathi.s/dev/Customerfe/node_modules/vite/dist/node/chunks/dep-BK3b2jBa.js:47184:14)
      at PluginContainer.transform (file:///Users/bhanumathi.s/dev/Customerfe/node_modules/vite/dist/node/chunks/dep-BK3b2jBa.js:49100:19)
      at async loadAndTransform (file:///Users/bhanumathi.s/dev/Customerfe/node_modules/vite/dist/node/chunks/dep-BK3b2jBa.js:51978:27)
1:26:20 pm [vite] Internal server error: Failed to parse JSON file, invalid JSON syntax found at position 67899
  Plugin: vite:json
  File: /Users/bhanumathi.s/dev/Customerfe/src/data/cities.generated.json:1313:52
  1311|          {
  1312|            "when": "early December",
  1313|            "name": "Formula 1 Abu Dhabi Grand Prix",
     |                                                     ^
  1314|  <<<<<<< Updated upstream
  1315|            "note": "The season finale at Yas Marina (3\u20136 December 2026), with Yasalam after-race concerts included for ticket holders.",
      at TransformPluginContext._formatError (file:///Users/bhanumathi.s/dev/Customerfe/node_modules/vite/dist/node/chunks/dep-BK3b2jBa.js:49258:41)
      at TransformPluginContext.error (file:///Users/bhanumathi.s/dev/Customerfe/node_modules/vite/dist/node/chunks/dep-BK3b2jBa.js:49253:16)
      at TransformPluginContext.transform (file:///Users/bhanumathi.s/dev/Customerfe/node_modules/vite/dist/node/chunks/dep-BK3b2jBa.js:47184:14)
      at PluginContainer.transform (file:///Users/bhanumathi.s/dev/Customerfe/node_modules/vite/dist/node/chunks/dep-BK3b2jBa.js:49100:19)
      at async loadAndTransform (file:///Users/bhanumathi.s/dev/Customerfe/node_modules/vite/dist/node/chunks/dep-BK3b2jBa.js:51978:27)
1:26:20 pm [vite] Internal server error: Failed to parse JSON file, invalid JSON syntax found at position 67899
  Plugin: vite:json
  File: /Users/bhanumathi.s/dev/Customerfe/src/data/cities.generated.json:1313:52
  1311|          {
  1312|            "when": "early December",
  1313|            "name": "Formula 1 Abu Dhabi Grand Prix",
     |                                                     ^
  1314|  <<<<<<< Updated upstream
  1315|            "note": "The season finale at Yas Marina (3\u20136 December 2026), with Yasalam after-race concerts included for ticket holders.",
      at TransformPluginContext._formatError (file:///Users/bhanumathi.s/dev/Customerfe/node_modules/vite/dist/node/chunks/dep-BK3b2jBa.js:49258:41)
      at TransformPluginContext.error (file:///Users/bhanumathi.s/dev/Customerfe/node_modules/vite/dist/node/chunks/dep-BK3b2jBa.js:49253:16)
      at TransformPluginContext.transform (file:///Users/bhanumathi.s/dev/Customerfe/node_modules/vite/dist/node/chunks/dep-BK3b2jBa.js:47184:14)
      at PluginContainer.transform (file:///Users/bhanumathi.s/dev/Customerfe/node_modules/vite/dist/node/chunks/dep-BK3b2jBa.js:49100:19)
      at async loadAndTransform (file:///Users/bhanumathi.s/dev/Customerfe/node_modules/vite/dist/node/chunks/dep-BK3b2jBa.js:51978:27)
1:26:20 pm [vite] Internal server error: Failed to parse JSON file, invalid JSON syntax found at position 67899
  Plugin: vite:json
  File: /Users/bhanumathi.s/dev/Customerfe/src/data/cities.generated.json:1313:52
  1311|          {
  1312|            "when": "early December",
  1313|            "name": "Formula 1 Abu Dhabi Grand Prix",
     |                                                     ^
  1314|  <<<<<<< Updated upstream
  1315|            "note": "The season finale at Yas Marina (3\u20136 December 2026), with Yasalam after-race concerts included for ticket holders.",
      at TransformPluginContext._formatError (file:///Users/bhanumathi.s/dev/Customerfe/node_modules/vite/dist/node/chunks/dep-BK3b2jBa.js:49258:41)
      at TransformPluginContext.error (file:///Users/bhanumathi.s/dev/Customerfe/node_modules/vite/dist/node/chunks/dep-BK3b2jBa.js:49253:16)
      at TransformPluginContext.transform (file:///Users/bhanumathi.s/dev/Customerfe/node_modules/vite/dist/node/chunks/dep-BK3b2jBa.js:47184:14)
      at PluginContainer.transform (file:///Users/bhanumathi.s/dev/Customerfe/node_modules/vite/dist/node/chunks/dep-BK3b2jBa.js:49100:19)
      at async loadAndTransform (file:///Users/bhanumathi.s/dev/Customerfe/node_modules/vite/dist/node/chunks/dep-BK3b2jBa.js:51978:27)
1:26:20 pm [vite] Internal server error: Failed to parse JSON file, invalid JSON syntax found at position 67899
  Plugin: vite:json
  File: /Users/bhanumathi.s/dev/Customerfe/src/data/cities.generated.json:1313:52
  1311|          {
  1312|            "when": "early December",
  1313|            "name": "Formula 1 Abu Dhabi Grand Prix",
     |                                                     ^
  1314|  <<<<<<< Updated upstream
  1315|            "note": "The season finale at Yas Marina (3\u20136 December 2026), with Yasalam after-race concerts included for ticket holders.",
      at TransformPluginContext._formatError (file:///Users/bhanumathi.s/dev/Customerfe/node_modules/vite/dist/node/chunks/dep-BK3b2jBa.js:49258:41)
      at TransformPluginContext.error (file:///Users/bhanumathi.s/dev/Customerfe/node_modules/vite/dist/node/chunks/dep-BK3b2jBa.js:49253:16)
      at TransformPluginContext.transform (file:///Users/bhanumathi.s/dev/Customerfe/node_modules/vite/dist/node/chunks/dep-BK3b2jBa.js:47184:14)
      at PluginContainer.transform (file:///Users/bhanumathi.s/dev/Customerfe/node_modules/vite/dist/node/chunks/dep-BK3b2jBa.js:49100:19)
      at async loadAndTransform (file:///Users/bhanumathi.s/dev/Customerfe/node_modules/vite/dist/node/chunks/dep-BK3b2jBa.js:51978:27)
1:26:20 pm [vite] Internal server error: Failed to parse JSON file, invalid JSON syntax found at position 67899
  Plugin: vite:json
  File: /Users/bhanumathi.s/dev/Customerfe/src/data/cities.generated.json:1313:52
  1311|          {
  1312|            "when": "early December",
  1313|            "name": "Formula 1 Abu Dhabi Grand Prix",
     |                                                     ^
  1314|  <<<<<<< Updated upstream
  1315|            "note": "The season finale at Yas Marina (3\u20136 December 2026), with Yasalam after-race concerts included for ticket holders.",
      at TransformPluginContext._formatError (file:///Users/bhanumathi.s/dev/Customerfe/node_modules/vite/dist/node/chunks/dep-BK3b2jBa.js:49258:41)
      at TransformPluginContext.error (file:///Users/bhanumathi.s/dev/Customerfe/node_modules/vite/dist/node/chunks/dep-BK3b2jBa.js:49253:16)
      at TransformPluginContext.transform (file:///Users/bhanumathi.s/dev/Customerfe/node_modules/vite/dist/node/chunks/dep-BK3b2jBa.js:47184:14)
      at PluginContainer.transform (file:///Users/bhanumathi.s/dev/Customerfe/node_modules/vite/dist/node/chunks/dep-BK3b2jBa.js:49100:19)
      at async loadAndTransform (file:///Users/bhanumathi.s/dev/Customerfe/node_modules/vite/dist/node/chunks/dep-BK3b2jBa.js:51978:27)
      at async viteTransformMiddleware (file:///Users/bhanumathi.s/dev/Customerfe/node_modules/vite/dist/node/chunks/dep-BK3b2jBa.js:62106:24)
1:26:21 pm [vite] Internal server error: Failed to parse JSON file, invalid JSON syntax found at position 67899
  Plugin: vite:json
  File: /Users/bhanumathi.s/dev/Customerfe/src/data/cities.generated.json:1313:52
  1311|          {
  1312|            "when": "early December",
  1313|            "name": "Formula 1 Abu Dhabi Grand Prix",
     |                                                     ^
  1314|  <<<<<<< Updated upstream
  1315|            "note": "The season finale at Yas Marina (3\u20136 December 2026), with Yasalam after-race concerts included for ticket holders.",
      at TransformPluginContext._formatError (file:///Users/bhanumathi.s/dev/Customerfe/node_modules/vite/dist/node/chunks/dep-BK3b2jBa.js:49258:41)
      at TransformPluginContext.error (file:///Users/bhanumathi.s/dev/Customerfe/node_modules/vite/dist/node/chunks/dep-BK3b2jBa.js:49253:16)
      at TransformPluginContext.transform (file:///Users/bhanumathi.s/dev/Customerfe/node_modules/vite/dist/node/chunks/dep-BK3b2jBa.js:47184:14)
      at PluginContainer.transform (file:///Users/bhanumathi.s/dev/Customerfe/node_modules/vite/dist/node/chunks/dep-BK3b2jBa.js:49100:19)
      at async loadAndTransform (file:///Users/bhanumathi.s/dev/Customerfe/node_modules/vite/dist/node/chunks/dep-BK3b2jBa.js:51978:27)
      at async viteTransformMiddleware (file:///Users/bhanumathi.s/dev/Customerfe/node_modules/vite/dist/node/chunks/dep-BK3b2jBa.js:62106:24)
1:26:38 pm [vite] hmr update /src/pages/CityPage.tsx, /src/pages/ZonePage.tsx
1:31:55 pm [vite] ✨ new dependencies optimized: d3-geo, d3-geo-projection, topojson-client
1:31:55 pm [vite] ✨ optimized dependencies changed. reloading
4:44:36 pm [vite] .env changed, restarting server...
4:44:36 pm [vite] .env changed, restarting server...
4:44:36 pm [vite] server restarted.
4:45:07 pm [vite] .env changed, restarting server...
4:45:07 pm [vite] server restarted.
4:48:28 pm [vite] hmr update /src/pages/CityPage.tsx
4:48:29 pm [vite] hmr update /src/pages/CityPage.tsx
4:48:29 pm [vite] Internal server error: /Users/bhanumathi.s/dev/Customerfe/src/pages/CityPage.tsx: Unexpected token (799:12)

  797 |             className="reveal d1"
  798 |             style={{ fontSize: "clamp(30px,4.4vw,58px)" }}
> 799 |             <LiveVenues slug={slug} />
      |             ^
  800 |             dangerouslySetInnerHTML={{ __html: closing.headingHtml ?? "" }}
  801 |           />
  802 |           <p className="lede on-dark reveal d2" style={{ margin: "18px auto 28px" }}>
  Plugin: vite:react-babel
  File: /Users/bhanumathi.s/dev/Customerfe/src/pages/CityPage.tsx:799:12
  797|              className="reveal d1"
  798|              style={{ fontSize: "clamp(30px,4.4vw,58px)" }}
  799|              <LiveVenues slug={slug} />
     |              ^
  800|              dangerouslySetInnerHTML={{ __html: closing.headingHtml ?? "" }}
  801|            />
      at constructor (/Users/bhanumathi.s/dev/Customerfe/node_modules/@babel/parser/lib/index.js:369:19)
      at TypeScriptParserMixin.raise (/Users/bhanumathi.s/dev/Customerfe/node_modules/@babel/parser/lib/index.js:6620:19)
      at TypeScriptParserMixin.unexpected (/Users/bhanumathi.s/dev/Customerfe/node_modules/@babel/parser/lib/index.js:6640:16)
      at TypeScriptParserMixin.jsxParseIdentifier (/Users/bhanumathi.s/dev/Customerfe/node_modules/@babel/parser/lib/index.js:4585:12)
      at TypeScriptParserMixin.jsxParseNamespacedName (/Users/bhanumathi.s/dev/Customerfe/node_modules/@babel/parser/lib/index.js:4592:23)
      at TypeScriptParserMixin.jsxParseAttribute (/Users/bhanumathi.s/dev/Customerfe/node_modules/@babel/parser/lib/index.js:4668:22)
      at TypeScriptParserMixin.jsxParseOpeningElementAfterName (/Users/bhanumathi.s/dev/Customerfe/node_modules/@babel/parser/lib/index.js:4683:28)
      at TypeScriptParserMixin.jsxParseOpeningElementAfterName (/Users/bhanumathi.s/dev/Customerfe/node_modules/@babel/parser/lib/index.js:10064:18)
      at TypeScriptParserMixin.jsxParseOpeningElementAt (/Users/bhanumathi.s/dev/Customerfe/node_modules/@babel/parser/lib/index.js:4678:17)
      at TypeScriptParserMixin.jsxParseElementAt (/Users/bhanumathi.s/dev/Customerfe/node_modules/@babel/parser/lib/index.js:4702:33)
      at TypeScriptParserMixin.jsxParseElementAt (/Users/bhanumathi.s/dev/Customerfe/node_modules/@babel/parser/lib/index.js:4714:32)
      at TypeScriptParserMixin.jsxParseElementAt (/Users/bhanumathi.s/dev/Customerfe/node_modules/@babel/parser/lib/index.js:4714:32)
      at TypeScriptParserMixin.jsxParseElementAt (/Users/bhanumathi.s/dev/Customerfe/node_modules/@babel/parser/lib/index.js:4714:32)
      at TypeScriptParserMixin.jsxParseElement (/Users/bhanumathi.s/dev/Customerfe/node_modules/@babel/parser/lib/index.js:4765:17)
      at TypeScriptParserMixin.parseExprAtom (/Users/bhanumathi.s/dev/Customerfe/node_modules/@babel/parser/lib/index.js:4775:19)
      at TypeScriptParserMixin.parseExprSubscripts (/Users/bhanumathi.s/dev/Customerfe/node_modules/@babel/parser/lib/index.js:11102:23)
      at TypeScriptParserMixin.parseUpdate (/Users/bhanumathi.s/dev/Customerfe/node_modules/@babel/parser/lib/index.js:11087:21)
      at TypeScriptParserMixin.parseMaybeUnary (/Users/bhanumathi.s/dev/Customerfe/node_modules/@babel/parser/lib/index.js:11067:23)
      at TypeScriptParserMixin.parseMaybeUnary (/Users/bhanumathi.s/dev/Customerfe/node_modules/@babel/parser/lib/index.js:9858:18)
      at TypeScriptParserMixin.parseMaybeUnaryOrPrivate (/Users/bhanumathi.s/dev/Customerfe/node_modules/@babel/parser/lib/index.js:10920:61)
      at TypeScriptParserMixin.parseExprOps (/Users/bhanumathi.s/dev/Customerfe/node_modules/@babel/parser/lib/index.js:10925:23)
      at TypeScriptParserMixin.parseMaybeConditional (/Users/bhanumathi.s/dev/Customerfe/node_modules/@babel/parser/lib/index.js:10902:23)
      at TypeScriptParserMixin.parseMaybeAssign (/Users/bhanumathi.s/dev/Customerfe/node_modules/@babel/parser/lib/index.js:10852:21)
      at /Users/bhanumathi.s/dev/Customerfe/node_modules/@babel/parser/lib/index.js:9796:39
      at TypeScriptParserMixin.tryParse (/Users/bhanumathi.s/dev/Customerfe/node_modules/@babel/parser/lib/index.js:6928:20)
      at TypeScriptParserMixin.parseMaybeAssign (/Users/bhanumathi.s/dev/Customerfe/node_modules/@babel/parser/lib/index.js:9796:18)
      at /Users/bhanumathi.s/dev/Customerfe/node_modules/@babel/parser/lib/index.js:10821:39
      at TypeScriptParserMixin.allowInAnd (/Users/bhanumathi.s/dev/Customerfe/node_modules/@babel/parser/lib/index.js:12455:12)
      at TypeScriptParserMixin.parseMaybeAssignAllowIn (/Users/bhanumathi.s/dev/Customerfe/node_modules/@babel/parser/lib/index.js:10821:17)
      at TypeScriptParserMixin.parseMaybeAssignAllowInOrVoidPattern (/Users/bhanumathi.s/dev/Customerfe/node_modules/@babel/parser/lib/index.js:12522:17)
      at TypeScriptParserMixin.parseParenAndDistinguishExpression (/Users/bhanumathi.s/dev/Customerfe/node_modules/@babel/parser/lib/index.js:11701:28)
      at TypeScriptParserMixin.parseExprAtom (/Users/bhanumathi.s/dev/Customerfe/node_modules/@babel/parser/lib/index.js:11357:23)
      at TypeScriptParserMixin.parseExprAtom (/Users/bhanumathi.s/dev/Customerfe/node_modules/@babel/parser/lib/index.js:4780:20)
      at TypeScriptParserMixin.parseExprSubscripts (/Users/bhanumathi.s/dev/Customerfe/node_modules/@babel/parser/lib/index.js:11102:23)
      at TypeScriptParserMixin.parseUpdate (/Users/bhanumathi.s/dev/Customerfe/node_modules/@babel/parser/lib/index.js:11087:21)
      at TypeScriptParserMixin.parseMaybeUnary (/Users/bhanumathi.s/dev/Customerfe/node_modules/@babel/parser/lib/index.js:11067:23)
      at TypeScriptParserMixin.parseMaybeUnary (/Users/bhanumathi.s/dev/Customerfe/node_modules/@babel/parser/lib/index.js:9858:18)
      at TypeScriptParserMixin.parseMaybeUnaryOrPrivate (/Users/bhanumathi.s/dev/Customerfe/node_modules/@babel/parser/lib/index.js:10920:61)
      at TypeScriptParserMixin.parseExprOps (/Users/bhanumathi.s/dev/Customerfe/node_modules/@babel/parser/lib/index.js:10925:23)
      at TypeScriptParserMixin.parseMaybeConditional (/Users/bhanumathi.s/dev/Customerfe/node_modules/@babel/parser/lib/index.js:10902:23)
      at TypeScriptParserMixin.parseMaybeAssign (/Users/bhanumathi.s/dev/Customerfe/node_modules/@babel/parser/lib/index.js:10852:21)
      at TypeScriptParserMixin.parseMaybeAssign (/Users/bhanumathi.s/dev/Customerfe/node_modules/@babel/parser/lib/index.js:9807:20)
      at TypeScriptParserMixin.parseExpressionBase (/Users/bhanumathi.s/dev/Customerfe/node_modules/@babel/parser/lib/index.js:10805:23)
      at /Users/bhanumathi.s/dev/Customerfe/node_modules/@babel/parser/lib/index.js:10801:39
      at TypeScriptParserMixin.allowInAnd (/Users/bhanumathi.s/dev/Customerfe/node_modules/@babel/parser/lib/index.js:12450:16)
      at TypeScriptParserMixin.parseExpression (/Users/bhanumathi.s/dev/Customerfe/node_modules/@babel/parser/lib/index.js:10801:17)
      at TypeScriptParserMixin.parseReturnStatement (/Users/bhanumathi.s/dev/Customerfe/node_modules/@babel/parser/lib/index.js:13171:28)
      at TypeScriptParserMixin.parseStatementContent (/Users/bhanumathi.s/dev/Customerfe/node_modules/@babel/parser/lib/index.js:12827:21)
      at TypeScriptParserMixin.parseStatementContent (/Users/bhanumathi.s/dev/Customerfe/node_modules/@babel/parser/lib/index.js:9529:18)
      at TypeScriptParserMixin.parseStatementLike (/Users/bhanumathi.s/dev/Customerfe/node_modules/@babel/parser/lib/index.js:12796:17)
4:48:29 pm [vite] Internal server error: /Users/bhanumathi.s/dev/Customerfe/src/pages/CityPage.tsx: Unexpected token (799:12)

  797 |             className="reveal d1"
  798 |             style={{ fontSize: "clamp(30px,4.4vw,58px)" }}
> 799 |             <LiveVenues slug={slug} />
      |             ^
  800 |             dangerouslySetInnerHTML={{ __html: closing.headingHtml ?? "" }}
  801 |           />
  802 |           <p className="lede on-dark reveal d2" style={{ margin: "18px auto 28px" }}>
  Plugin: vite:react-babel
  File: /Users/bhanumathi.s/dev/Customerfe/src/pages/CityPage.tsx:799:12
  797|              className="reveal d1"
  798|              style={{ fontSize: "clamp(30px,4.4vw,58px)" }}
  799|              <LiveVenues slug={slug} />
     |              ^
  800|              dangerouslySetInnerHTML={{ __html: closing.headingHtml ?? "" }}
  801|            />
      at constructor (/Users/bhanumathi.s/dev/Customerfe/node_modules/@babel/parser/lib/index.js:369:19)
      at TypeScriptParserMixin.raise (/Users/bhanumathi.s/dev/Customerfe/node_modules/@babel/parser/lib/index.js:6620:19)
      at TypeScriptParserMixin.unexpected (/Users/bhanumathi.s/dev/Customerfe/node_modules/@babel/parser/lib/index.js:6640:16)
      at TypeScriptParserMixin.jsxParseIdentifier (/Users/bhanumathi.s/dev/Customerfe/node_modules/@babel/parser/lib/index.js:4585:12)
      at TypeScriptParserMixin.jsxParseNamespacedName (/Users/bhanumathi.s/dev/Customerfe/node_modules/@babel/parser/lib/index.js:4592:23)
      at TypeScriptParserMixin.jsxParseAttribute (/Users/bhanumathi.s/dev/Customerfe/node_modules/@babel/parser/lib/index.js:4668:22)
      at TypeScriptParserMixin.jsxParseOpeningElementAfterName (/Users/bhanumathi.s/dev/Customerfe/node_modules/@babel/parser/lib/index.js:4683:28)
      at TypeScriptParserMixin.jsxParseOpeningElementAfterName (/Users/bhanumathi.s/dev/Customerfe/node_modules/@babel/parser/lib/index.js:10064:18)
      at TypeScriptParserMixin.jsxParseOpeningElementAt (/Users/bhanumathi.s/dev/Customerfe/node_modules/@babel/parser/lib/index.js:4678:17)
      at TypeScriptParserMixin.jsxParseElementAt (/Users/bhanumathi.s/dev/Customerfe/node_modules/@babel/parser/lib/index.js:4702:33)
      at TypeScriptParserMixin.jsxParseElementAt (/Users/bhanumathi.s/dev/Customerfe/node_modules/@babel/parser/lib/index.js:4714:32)
      at TypeScriptParserMixin.jsxParseElementAt (/Users/bhanumathi.s/dev/Customerfe/node_modules/@babel/parser/lib/index.js:4714:32)
      at TypeScriptParserMixin.jsxParseElementAt (/Users/bhanumathi.s/dev/Customerfe/node_modules/@babel/parser/lib/index.js:4714:32)
      at TypeScriptParserMixin.jsxParseElement (/Users/bhanumathi.s/dev/Customerfe/node_modules/@babel/parser/lib/index.js:4765:17)
      at TypeScriptParserMixin.parseExprAtom (/Users/bhanumathi.s/dev/Customerfe/node_modules/@babel/parser/lib/index.js:4775:19)
      at TypeScriptParserMixin.parseExprSubscripts (/Users/bhanumathi.s/dev/Customerfe/node_modules/@babel/parser/lib/index.js:11102:23)
      at TypeScriptParserMixin.parseUpdate (/Users/bhanumathi.s/dev/Customerfe/node_modules/@babel/parser/lib/index.js:11087:21)
      at TypeScriptParserMixin.parseMaybeUnary (/Users/bhanumathi.s/dev/Customerfe/node_modules/@babel/parser/lib/index.js:11067:23)
      at TypeScriptParserMixin.parseMaybeUnary (/Users/bhanumathi.s/dev/Customerfe/node_modules/@babel/parser/lib/index.js:9858:18)
      at TypeScriptParserMixin.parseMaybeUnaryOrPrivate (/Users/bhanumathi.s/dev/Customerfe/node_modules/@babel/parser/lib/index.js:10920:61)
      at TypeScriptParserMixin.parseExprOps (/Users/bhanumathi.s/dev/Customerfe/node_modules/@babel/parser/lib/index.js:10925:23)
      at TypeScriptParserMixin.parseMaybeConditional (/Users/bhanumathi.s/dev/Customerfe/node_modules/@babel/parser/lib/index.js:10902:23)
      at TypeScriptParserMixin.parseMaybeAssign (/Users/bhanumathi.s/dev/Customerfe/node_modules/@babel/parser/lib/index.js:10852:21)
      at /Users/bhanumathi.s/dev/Customerfe/node_modules/@babel/parser/lib/index.js:9796:39
      at TypeScriptParserMixin.tryParse (/Users/bhanumathi.s/dev/Customerfe/node_modules/@babel/parser/lib/index.js:6928:20)
      at TypeScriptParserMixin.parseMaybeAssign (/Users/bhanumathi.s/dev/Customerfe/node_modules/@babel/parser/lib/index.js:9796:18)
      at /Users/bhanumathi.s/dev/Customerfe/node_modules/@babel/parser/lib/index.js:10821:39
      at TypeScriptParserMixin.allowInAnd (/Users/bhanumathi.s/dev/Customerfe/node_modules/@babel/parser/lib/index.js:12455:12)
      at TypeScriptParserMixin.parseMaybeAssignAllowIn (/Users/bhanumathi.s/dev/Customerfe/node_modules/@babel/parser/lib/index.js:10821:17)
      at TypeScriptParserMixin.parseMaybeAssignAllowInOrVoidPattern (/Users/bhanumathi.s/dev/Customerfe/node_modules/@babel/parser/lib/index.js:12522:17)
      at TypeScriptParserMixin.parseParenAndDistinguishExpression (/Users/bhanumathi.s/dev/Customerfe/node_modules/@babel/parser/lib/index.js:11701:28)
      at TypeScriptParserMixin.parseExprAtom (/Users/bhanumathi.s/dev/Customerfe/node_modules/@babel/parser/lib/index.js:11357:23)
      at TypeScriptParserMixin.parseExprAtom (/Users/bhanumathi.s/dev/Customerfe/node_modules/@babel/parser/lib/index.js:4780:20)
      at TypeScriptParserMixin.parseExprSubscripts (/Users/bhanumathi.s/dev/Customerfe/node_modules/@babel/parser/lib/index.js:11102:23)
      at TypeScriptParserMixin.parseUpdate (/Users/bhanumathi.s/dev/Customerfe/node_modules/@babel/parser/lib/index.js:11087:21)
      at TypeScriptParserMixin.parseMaybeUnary (/Users/bhanumathi.s/dev/Customerfe/node_modules/@babel/parser/lib/index.js:11067:23)
      at TypeScriptParserMixin.parseMaybeUnary (/Users/bhanumathi.s/dev/Customerfe/node_modules/@babel/parser/lib/index.js:9858:18)
      at TypeScriptParserMixin.parseMaybeUnaryOrPrivate (/Users/bhanumathi.s/dev/Customerfe/node_modules/@babel/parser/lib/index.js:10920:61)
      at TypeScriptParserMixin.parseExprOps (/Users/bhanumathi.s/dev/Customerfe/node_modules/@babel/parser/lib/index.js:10925:23)
      at TypeScriptParserMixin.parseMaybeConditional (/Users/bhanumathi.s/dev/Customerfe/node_modules/@babel/parser/lib/index.js:10902:23)
      at TypeScriptParserMixin.parseMaybeAssign (/Users/bhanumathi.s/dev/Customerfe/node_modules/@babel/parser/lib/index.js:10852:21)
      at TypeScriptParserMixin.parseMaybeAssign (/Users/bhanumathi.s/dev/Customerfe/node_modules/@babel/parser/lib/index.js:9807:20)
      at TypeScriptParserMixin.parseExpressionBase (/Users/bhanumathi.s/dev/Customerfe/node_modules/@babel/parser/lib/index.js:10805:23)
      at /Users/bhanumathi.s/dev/Customerfe/node_modules/@babel/parser/lib/index.js:10801:39
      at TypeScriptParserMixin.allowInAnd (/Users/bhanumathi.s/dev/Customerfe/node_modules/@babel/parser/lib/index.js:12450:16)
      at TypeScriptParserMixin.parseExpression (/Users/bhanumathi.s/dev/Customerfe/node_modules/@babel/parser/lib/index.js:10801:17)
      at TypeScriptParserMixin.parseReturnStatement (/Users/bhanumathi.s/dev/Customerfe/node_modules/@babel/parser/lib/index.js:13171:28)
      at TypeScriptParserMixin.parseStatementContent (/Users/bhanumathi.s/dev/Customerfe/node_modules/@babel/parser/lib/index.js:12827:21)
      at TypeScriptParserMixin.parseStatementContent (/Users/bhanumathi.s/dev/Customerfe/node_modules/@babel/parser/lib/index.js:9529:18)
      at TypeScriptParserMixin.parseStatementLike (/Users/bhanumathi.s/dev/Customerfe/node_modules/@babel/parser/lib/index.js:12796:17)
4:48:29 pm [vite] Internal server error: /Users/bhanumathi.s/dev/Customerfe/src/pages/CityPage.tsx: Unexpected token (799:12)

  797 |             className="reveal d1"
  798 |             style={{ fontSize: "clamp(30px,4.4vw,58px)" }}
> 799 |             <LiveVenues slug={slug} />
      |             ^
  800 |             dangerouslySetInnerHTML={{ __html: closing.headingHtml ?? "" }}
  801 |           />
  802 |           <p className="lede on-dark reveal d2" style={{ margin: "18px auto 28px" }}>
  Plugin: vite:react-babel
  File: /Users/bhanumathi.s/dev/Customerfe/src/pages/CityPage.tsx:799:12
  797|              className="reveal d1"
  798|              style={{ fontSize: "clamp(30px,4.4vw,58px)" }}
  799|              <LiveVenues slug={slug} />
     |              ^
  800|              dangerouslySetInnerHTML={{ __html: closing.headingHtml ?? "" }}
  801|            />
      at constructor (/Users/bhanumathi.s/dev/Customerfe/node_modules/@babel/parser/lib/index.js:369:19)
      at TypeScriptParserMixin.raise (/Users/bhanumathi.s/dev/Customerfe/node_modules/@babel/parser/lib/index.js:6620:19)
      at TypeScriptParserMixin.unexpected (/Users/bhanumathi.s/dev/Customerfe/node_modules/@babel/parser/lib/index.js:6640:16)
      at TypeScriptParserMixin.jsxParseIdentifier (/Users/bhanumathi.s/dev/Customerfe/node_modules/@babel/parser/lib/index.js:4585:12)
      at TypeScriptParserMixin.jsxParseNamespacedName (/Users/bhanumathi.s/dev/Customerfe/node_modules/@babel/parser/lib/index.js:4592:23)
      at TypeScriptParserMixin.jsxParseAttribute (/Users/bhanumathi.s/dev/Customerfe/node_modules/@babel/parser/lib/index.js:4668:22)
      at TypeScriptParserMixin.jsxParseOpeningElementAfterName (/Users/bhanumathi.s/dev/Customerfe/node_modules/@babel/parser/lib/index.js:4683:28)
      at TypeScriptParserMixin.jsxParseOpeningElementAfterName (/Users/bhanumathi.s/dev/Customerfe/node_modules/@babel/parser/lib/index.js:10064:18)
      at TypeScriptParserMixin.jsxParseOpeningElementAt (/Users/bhanumathi.s/dev/Customerfe/node_modules/@babel/parser/lib/index.js:4678:17)
      at TypeScriptParserMixin.jsxParseElementAt (/Users/bhanumathi.s/dev/Customerfe/node_modules/@babel/parser/lib/index.js:4702:33)
      at TypeScriptParserMixin.jsxParseElementAt (/Users/bhanumathi.s/dev/Customerfe/node_modules/@babel/parser/lib/index.js:4714:32)
      at TypeScriptParserMixin.jsxParseElementAt (/Users/bhanumathi.s/dev/Customerfe/node_modules/@babel/parser/lib/index.js:4714:32)
      at TypeScriptParserMixin.jsxParseElementAt (/Users/bhanumathi.s/dev/Customerfe/node_modules/@babel/parser/lib/index.js:4714:32)
      at TypeScriptParserMixin.jsxParseElement (/Users/bhanumathi.s/dev/Customerfe/node_modules/@babel/parser/lib/index.js:4765:17)
      at TypeScriptParserMixin.parseExprAtom (/Users/bhanumathi.s/dev/Customerfe/node_modules/@babel/parser/lib/index.js:4775:19)
      at TypeScriptParserMixin.parseExprSubscripts (/Users/bhanumathi.s/dev/Customerfe/node_modules/@babel/parser/lib/index.js:11102:23)
      at TypeScriptParserMixin.parseUpdate (/Users/bhanumathi.s/dev/Customerfe/node_modules/@babel/parser/lib/index.js:11087:21)
      at TypeScriptParserMixin.parseMaybeUnary (/Users/bhanumathi.s/dev/Customerfe/node_modules/@babel/parser/lib/index.js:11067:23)
      at TypeScriptParserMixin.parseMaybeUnary (/Users/bhanumathi.s/dev/Customerfe/node_modules/@babel/parser/lib/index.js:9858:18)
      at TypeScriptParserMixin.parseMaybeUnaryOrPrivate (/Users/bhanumathi.s/dev/Customerfe/node_modules/@babel/parser/lib/index.js:10920:61)
      at TypeScriptParserMixin.parseExprOps (/Users/bhanumathi.s/dev/Customerfe/node_modules/@babel/parser/lib/index.js:10925:23)
      at TypeScriptParserMixin.parseMaybeConditional (/Users/bhanumathi.s/dev/Customerfe/node_modules/@babel/parser/lib/index.js:10902:23)
      at TypeScriptParserMixin.parseMaybeAssign (/Users/bhanumathi.s/dev/Customerfe/node_modules/@babel/parser/lib/index.js:10852:21)
      at /Users/bhanumathi.s/dev/Customerfe/node_modules/@babel/parser/lib/index.js:9796:39
      at TypeScriptParserMixin.tryParse (/Users/bhanumathi.s/dev/Customerfe/node_modules/@babel/parser/lib/index.js:6928:20)
      at TypeScriptParserMixin.parseMaybeAssign (/Users/bhanumathi.s/dev/Customerfe/node_modules/@babel/parser/lib/index.js:9796:18)
      at /Users/bhanumathi.s/dev/Customerfe/node_modules/@babel/parser/lib/index.js:10821:39
      at TypeScriptParserMixin.allowInAnd (/Users/bhanumathi.s/dev/Customerfe/node_modules/@babel/parser/lib/index.js:12455:12)
      at TypeScriptParserMixin.parseMaybeAssignAllowIn (/Users/bhanumathi.s/dev/Customerfe/node_modules/@babel/parser/lib/index.js:10821:17)
      at TypeScriptParserMixin.parseMaybeAssignAllowInOrVoidPattern (/Users/bhanumathi.s/dev/Customerfe/node_modules/@babel/parser/lib/index.js:12522:17)
      at TypeScriptParserMixin.parseParenAndDistinguishExpression (/Users/bhanumathi.s/dev/Customerfe/node_modules/@babel/parser/lib/index.js:11701:28)
      at TypeScriptParserMixin.parseExprAtom (/Users/bhanumathi.s/dev/Customerfe/node_modules/@babel/parser/lib/index.js:11357:23)
      at TypeScriptParserMixin.parseExprAtom (/Users/bhanumathi.s/dev/Customerfe/node_modules/@babel/parser/lib/index.js:4780:20)
      at TypeScriptParserMixin.parseExprSubscripts (/Users/bhanumathi.s/dev/Customerfe/node_modules/@babel/parser/lib/index.js:11102:23)
      at TypeScriptParserMixin.parseUpdate (/Users/bhanumathi.s/dev/Customerfe/node_modules/@babel/parser/lib/index.js:11087:21)
      at TypeScriptParserMixin.parseMaybeUnary (/Users/bhanumathi.s/dev/Customerfe/node_modules/@babel/parser/lib/index.js:11067:23)
      at TypeScriptParserMixin.parseMaybeUnary (/Users/bhanumathi.s/dev/Customerfe/node_modules/@babel/parser/lib/index.js:9858:18)
      at TypeScriptParserMixin.parseMaybeUnaryOrPrivate (/Users/bhanumathi.s/dev/Customerfe/node_modules/@babel/parser/lib/index.js:10920:61)
      at TypeScriptParserMixin.parseExprOps (/Users/bhanumathi.s/dev/Customerfe/node_modules/@babel/parser/lib/index.js:10925:23)
      at TypeScriptParserMixin.parseMaybeConditional (/Users/bhanumathi.s/dev/Customerfe/node_modules/@babel/parser/lib/index.js:10902:23)
      at TypeScriptParserMixin.parseMaybeAssign (/Users/bhanumathi.s/dev/Customerfe/node_modules/@babel/parser/lib/index.js:10852:21)
      at TypeScriptParserMixin.parseMaybeAssign (/Users/bhanumathi.s/dev/Customerfe/node_modules/@babel/parser/lib/index.js:9807:20)
      at TypeScriptParserMixin.parseExpressionBase (/Users/bhanumathi.s/dev/Customerfe/node_modules/@babel/parser/lib/index.js:10805:23)
      at /Users/bhanumathi.s/dev/Customerfe/node_modules/@babel/parser/lib/index.js:10801:39
      at TypeScriptParserMixin.allowInAnd (/Users/bhanumathi.s/dev/Customerfe/node_modules/@babel/parser/lib/index.js:12450:16)
      at TypeScriptParserMixin.parseExpression (/Users/bhanumathi.s/dev/Customerfe/node_modules/@babel/parser/lib/index.js:10801:17)
      at TypeScriptParserMixin.parseReturnStatement (/Users/bhanumathi.s/dev/Customerfe/node_modules/@babel/parser/lib/index.js:13171:28)
      at TypeScriptParserMixin.parseStatementContent (/Users/bhanumathi.s/dev/Customerfe/node_modules/@babel/parser/lib/index.js:12827:21)
      at TypeScriptParserMixin.parseStatementContent (/Users/bhanumathi.s/dev/Customerfe/node_modules/@babel/parser/lib/index.js:9529:18)
      at TypeScriptParserMixin.parseStatementLike (/Users/bhanumathi.s/dev/Customerfe/node_modules/@babel/parser/lib/index.js:12796:17)
4:48:29 pm [vite] Internal server error: /Users/bhanumathi.s/dev/Customerfe/src/pages/CityPage.tsx: Unexpected token (799:12)

  797 |             className="reveal d1"
  798 |             style={{ fontSize: "clamp(30px,4.4vw,58px)" }}
> 799 |             <LiveVenues slug={slug} />
      |             ^
  800 |             dangerouslySetInnerHTML={{ __html: closing.headingHtml ?? "" }}
  801 |           />
  802 |           <p className="lede on-dark reveal d2" style={{ margin: "18px auto 28px" }}>
  Plugin: vite:react-babel
  File: /Users/bhanumathi.s/dev/Customerfe/src/pages/CityPage.tsx:799:12
  797|              className="reveal d1"
  798|              style={{ fontSize: "clamp(30px,4.4vw,58px)" }}
  799|              <LiveVenues slug={slug} />
     |              ^
  800|              dangerouslySetInnerHTML={{ __html: closing.headingHtml ?? "" }}
  801|            />
      at constructor (/Users/bhanumathi.s/dev/Customerfe/node_modules/@babel/parser/lib/index.js:369:19)
      at TypeScriptParserMixin.raise (/Users/bhanumathi.s/dev/Customerfe/node_modules/@babel/parser/lib/index.js:6620:19)
      at TypeScriptParserMixin.unexpected (/Users/bhanumathi.s/dev/Customerfe/node_modules/@babel/parser/lib/index.js:6640:16)
      at TypeScriptParserMixin.jsxParseIdentifier (/Users/bhanumathi.s/dev/Customerfe/node_modules/@babel/parser/lib/index.js:4585:12)
      at TypeScriptParserMixin.jsxParseNamespacedName (/Users/bhanumathi.s/dev/Customerfe/node_modules/@babel/parser/lib/index.js:4592:23)
      at TypeScriptParserMixin.jsxParseAttribute (/Users/bhanumathi.s/dev/Customerfe/node_modules/@babel/parser/lib/index.js:4668:22)
      at TypeScriptParserMixin.jsxParseOpeningElementAfterName (/Users/bhanumathi.s/dev/Customerfe/node_modules/@babel/parser/lib/index.js:4683:28)
      at TypeScriptParserMixin.jsxParseOpeningElementAfterName (/Users/bhanumathi.s/dev/Customerfe/node_modules/@babel/parser/lib/index.js:10064:18)
      at TypeScriptParserMixin.jsxParseOpeningElementAt (/Users/bhanumathi.s/dev/Customerfe/node_modules/@babel/parser/lib/index.js:4678:17)
      at TypeScriptParserMixin.jsxParseElementAt (/Users/bhanumathi.s/dev/Customerfe/node_modules/@babel/parser/lib/index.js:4702:33)
      at TypeScriptParserMixin.jsxParseElementAt (/Users/bhanumathi.s/dev/Customerfe/node_modules/@babel/parser/lib/index.js:4714:32)
      at TypeScriptParserMixin.jsxParseElementAt (/Users/bhanumathi.s/dev/Customerfe/node_modules/@babel/parser/lib/index.js:4714:32)
      at TypeScriptParserMixin.jsxParseElementAt (/Users/bhanumathi.s/dev/Customerfe/node_modules/@babel/parser/lib/index.js:4714:32)
      at TypeScriptParserMixin.jsxParseElement (/Users/bhanumathi.s/dev/Customerfe/node_modules/@babel/parser/lib/index.js:4765:17)
      at TypeScriptParserMixin.parseExprAtom (/Users/bhanumathi.s/dev/Customerfe/node_modules/@babel/parser/lib/index.js:4775:19)
      at TypeScriptParserMixin.parseExprSubscripts (/Users/bhanumathi.s/dev/Customerfe/node_modules/@babel/parser/lib/index.js:11102:23)
      at TypeScriptParserMixin.parseUpdate (/Users/bhanumathi.s/dev/Customerfe/node_modules/@babel/parser/lib/index.js:11087:21)
      at TypeScriptParserMixin.parseMaybeUnary (/Users/bhanumathi.s/dev/Customerfe/node_modules/@babel/parser/lib/index.js:11067:23)
      at TypeScriptParserMixin.parseMaybeUnary (/Users/bhanumathi.s/dev/Customerfe/node_modules/@babel/parser/lib/index.js:9858:18)
      at TypeScriptParserMixin.parseMaybeUnaryOrPrivate (/Users/bhanumathi.s/dev/Customerfe/node_modules/@babel/parser/lib/index.js:10920:61)
      at TypeScriptParserMixin.parseExprOps (/Users/bhanumathi.s/dev/Customerfe/node_modules/@babel/parser/lib/index.js:10925:23)
      at TypeScriptParserMixin.parseMaybeConditional (/Users/bhanumathi.s/dev/Customerfe/node_modules/@babel/parser/lib/index.js:10902:23)
      at TypeScriptParserMixin.parseMaybeAssign (/Users/bhanumathi.s/dev/Customerfe/node_modules/@babel/parser/lib/index.js:10852:21)
      at /Users/bhanumathi.s/dev/Customerfe/node_modules/@babel/parser/lib/index.js:9796:39
      at TypeScriptParserMixin.tryParse (/Users/bhanumathi.s/dev/Customerfe/node_modules/@babel/parser/lib/index.js:6928:20)
      at TypeScriptParserMixin.parseMaybeAssign (/Users/bhanumathi.s/dev/Customerfe/node_modules/@babel/parser/lib/index.js:9796:18)
      at /Users/bhanumathi.s/dev/Customerfe/node_modules/@babel/parser/lib/index.js:10821:39
      at TypeScriptParserMixin.allowInAnd (/Users/bhanumathi.s/dev/Customerfe/node_modules/@babel/parser/lib/index.js:12455:12)
      at TypeScriptParserMixin.parseMaybeAssignAllowIn (/Users/bhanumathi.s/dev/Customerfe/node_modules/@babel/parser/lib/index.js:10821:17)
      at TypeScriptParserMixin.parseMaybeAssignAllowInOrVoidPattern (/Users/bhanumathi.s/dev/Customerfe/node_modules/@babel/parser/lib/index.js:12522:17)
      at TypeScriptParserMixin.parseParenAndDistinguishExpression (/Users/bhanumathi.s/dev/Customerfe/node_modules/@babel/parser/lib/index.js:11701:28)
      at TypeScriptParserMixin.parseExprAtom (/Users/bhanumathi.s/dev/Customerfe/node_modules/@babel/parser/lib/index.js:11357:23)
      at TypeScriptParserMixin.parseExprAtom (/Users/bhanumathi.s/dev/Customerfe/node_modules/@babel/parser/lib/index.js:4780:20)
      at TypeScriptParserMixin.parseExprSubscripts (/Users/bhanumathi.s/dev/Customerfe/node_modules/@babel/parser/lib/index.js:11102:23)
      at TypeScriptParserMixin.parseUpdate (/Users/bhanumathi.s/dev/Customerfe/node_modules/@babel/parser/lib/index.js:11087:21)
      at TypeScriptParserMixin.parseMaybeUnary (/Users/bhanumathi.s/dev/Customerfe/node_modules/@babel/parser/lib/index.js:11067:23)
      at TypeScriptParserMixin.parseMaybeUnary (/Users/bhanumathi.s/dev/Customerfe/node_modules/@babel/parser/lib/index.js:9858:18)
      at TypeScriptParserMixin.parseMaybeUnaryOrPrivate (/Users/bhanumathi.s/dev/Customerfe/node_modules/@babel/parser/lib/index.js:10920:61)
      at TypeScriptParserMixin.parseExprOps (/Users/bhanumathi.s/dev/Customerfe/node_modules/@babel/parser/lib/index.js:10925:23)
      at TypeScriptParserMixin.parseMaybeConditional (/Users/bhanumathi.s/dev/Customerfe/node_modules/@babel/parser/lib/index.js:10902:23)
      at TypeScriptParserMixin.parseMaybeAssign (/Users/bhanumathi.s/dev/Customerfe/node_modules/@babel/parser/lib/index.js:10852:21)
      at TypeScriptParserMixin.parseMaybeAssign (/Users/bhanumathi.s/dev/Customerfe/node_modules/@babel/parser/lib/index.js:9807:20)
      at TypeScriptParserMixin.parseExpressionBase (/Users/bhanumathi.s/dev/Customerfe/node_modules/@babel/parser/lib/index.js:10805:23)
      at /Users/bhanumathi.s/dev/Customerfe/node_modules/@babel/parser/lib/index.js:10801:39
      at TypeScriptParserMixin.allowInAnd (/Users/bhanumathi.s/dev/Customerfe/node_modules/@babel/parser/lib/index.js:12450:16)
      at TypeScriptParserMixin.parseExpression (/Users/bhanumathi.s/dev/Customerfe/node_modules/@babel/parser/lib/index.js:10801:17)
      at TypeScriptParserMixin.parseReturnStatement (/Users/bhanumathi.s/dev/Customerfe/node_modules/@babel/parser/lib/index.js:13171:28)
      at TypeScriptParserMixin.parseStatementContent (/Users/bhanumathi.s/dev/Customerfe/node_modules/@babel/parser/lib/index.js:12827:21)
      at TypeScriptParserMixin.parseStatementContent (/Users/bhanumathi.s/dev/Customerfe/node_modules/@babel/parser/lib/index.js:9529:18)
      at TypeScriptParserMixin.parseStatementLike (/Users/bhanumathi.s/dev/Customerfe/node_modules/@babel/parser/lib/index.js:12796:17)
4:48:29 pm [vite] Internal server error: /Users/bhanumathi.s/dev/Customerfe/src/pages/CityPage.tsx: Unexpected token (799:12)

  797 |             className="reveal d1"
  798 |             style={{ fontSize: "clamp(30px,4.4vw,58px)" }}
> 799 |             <LiveVenues slug={slug} />
      |             ^
  800 |             dangerouslySetInnerHTML={{ __html: closing.headingHtml ?? "" }}
  801 |           />
  802 |           <p className="lede on-dark reveal d2" style={{ margin: "18px auto 28px" }}>
  Plugin: vite:react-babel
  File: /Users/bhanumathi.s/dev/Customerfe/src/pages/CityPage.tsx:799:12
  797|              className="reveal d1"
  798|              style={{ fontSize: "clamp(30px,4.4vw,58px)" }}
  799|              <LiveVenues slug={slug} />
     |              ^
  800|              dangerouslySetInnerHTML={{ __html: closing.headingHtml ?? "" }}
  801|            />
      at constructor (/Users/bhanumathi.s/dev/Customerfe/node_modules/@babel/parser/lib/index.js:369:19)
      at TypeScriptParserMixin.raise (/Users/bhanumathi.s/dev/Customerfe/node_modules/@babel/parser/lib/index.js:6620:19)
      at TypeScriptParserMixin.unexpected (/Users/bhanumathi.s/dev/Customerfe/node_modules/@babel/parser/lib/index.js:6640:16)
      at TypeScriptParserMixin.jsxParseIdentifier (/Users/bhanumathi.s/dev/Customerfe/node_modules/@babel/parser/lib/index.js:4585:12)
      at TypeScriptParserMixin.jsxParseNamespacedName (/Users/bhanumathi.s/dev/Customerfe/node_modules/@babel/parser/lib/index.js:4592:23)
      at TypeScriptParserMixin.jsxParseAttribute (/Users/bhanumathi.s/dev/Customerfe/node_modules/@babel/parser/lib/index.js:4668:22)
      at TypeScriptParserMixin.jsxParseOpeningElementAfterName (/Users/bhanumathi.s/dev/Customerfe/node_modules/@babel/parser/lib/index.js:4683:28)
      at TypeScriptParserMixin.jsxParseOpeningElementAfterName (/Users/bhanumathi.s/dev/Customerfe/node_modules/@babel/parser/lib/index.js:10064:18)
      at TypeScriptParserMixin.jsxParseOpeningElementAt (/Users/bhanumathi.s/dev/Customerfe/node_modules/@babel/parser/lib/index.js:4678:17)
      at TypeScriptParserMixin.jsxParseElementAt (/Users/bhanumathi.s/dev/Customerfe/node_modules/@babel/parser/lib/index.js:4702:33)
      at TypeScriptParserMixin.jsxParseElementAt (/Users/bhanumathi.s/dev/Customerfe/node_modules/@babel/parser/lib/index.js:4714:32)
      at TypeScriptParserMixin.jsxParseElementAt (/Users/bhanumathi.s/dev/Customerfe/node_modules/@babel/parser/lib/index.js:4714:32)
      at TypeScriptParserMixin.jsxParseElementAt (/Users/bhanumathi.s/dev/Customerfe/node_modules/@babel/parser/lib/index.js:4714:32)
      at TypeScriptParserMixin.jsxParseElement (/Users/bhanumathi.s/dev/Customerfe/node_modules/@babel/parser/lib/index.js:4765:17)
      at TypeScriptParserMixin.parseExprAtom (/Users/bhanumathi.s/dev/Customerfe/node_modules/@babel/parser/lib/index.js:4775:19)
      at TypeScriptParserMixin.parseExprSubscripts (/Users/bhanumathi.s/dev/Customerfe/node_modules/@babel/parser/lib/index.js:11102:23)
      at TypeScriptParserMixin.parseUpdate (/Users/bhanumathi.s/dev/Customerfe/node_modules/@babel/parser/lib/index.js:11087:21)
      at TypeScriptParserMixin.parseMaybeUnary (/Users/bhanumathi.s/dev/Customerfe/node_modules/@babel/parser/lib/index.js:11067:23)
      at TypeScriptParserMixin.parseMaybeUnary (/Users/bhanumathi.s/dev/Customerfe/node_modules/@babel/parser/lib/index.js:9858:18)
      at TypeScriptParserMixin.parseMaybeUnaryOrPrivate (/Users/bhanumathi.s/dev/Customerfe/node_modules/@babel/parser/lib/index.js:10920:61)
      at TypeScriptParserMixin.parseExprOps (/Users/bhanumathi.s/dev/Customerfe/node_modules/@babel/parser/lib/index.js:10925:23)
      at TypeScriptParserMixin.parseMaybeConditional (/Users/bhanumathi.s/dev/Customerfe/node_modules/@babel/parser/lib/index.js:10902:23)
      at TypeScriptParserMixin.parseMaybeAssign (/Users/bhanumathi.s/dev/Customerfe/node_modules/@babel/parser/lib/index.js:10852:21)
      at /Users/bhanumathi.s/dev/Customerfe/node_modules/@babel/parser/lib/index.js:9796:39
      at TypeScriptParserMixin.tryParse (/Users/bhanumathi.s/dev/Customerfe/node_modules/@babel/parser/lib/index.js:6928:20)
      at TypeScriptParserMixin.parseMaybeAssign (/Users/bhanumathi.s/dev/Customerfe/node_modules/@babel/parser/lib/index.js:9796:18)
      at /Users/bhanumathi.s/dev/Customerfe/node_modules/@babel/parser/lib/index.js:10821:39
      at TypeScriptParserMixin.allowInAnd (/Users/bhanumathi.s/dev/Customerfe/node_modules/@babel/parser/lib/index.js:12455:12)
      at TypeScriptParserMixin.parseMaybeAssignAllowIn (/Users/bhanumathi.s/dev/Customerfe/node_modules/@babel/parser/lib/index.js:10821:17)
      at TypeScriptParserMixin.parseMaybeAssignAllowInOrVoidPattern (/Users/bhanumathi.s/dev/Customerfe/node_modules/@babel/parser/lib/index.js:12522:17)
      at TypeScriptParserMixin.parseParenAndDistinguishExpression (/Users/bhanumathi.s/dev/Customerfe/node_modules/@babel/parser/lib/index.js:11701:28)
      at TypeScriptParserMixin.parseExprAtom (/Users/bhanumathi.s/dev/Customerfe/node_modules/@babel/parser/lib/index.js:11357:23)
      at TypeScriptParserMixin.parseExprAtom (/Users/bhanumathi.s/dev/Customerfe/node_modules/@babel/parser/lib/index.js:4780:20)
      at TypeScriptParserMixin.parseExprSubscripts (/Users/bhanumathi.s/dev/Customerfe/node_modules/@babel/parser/lib/index.js:11102:23)
      at TypeScriptParserMixin.parseUpdate (/Users/bhanumathi.s/dev/Customerfe/node_modules/@babel/parser/lib/index.js:11087:21)
      at TypeScriptParserMixin.parseMaybeUnary (/Users/bhanumathi.s/dev/Customerfe/node_modules/@babel/parser/lib/index.js:11067:23)
      at TypeScriptParserMixin.parseMaybeUnary (/Users/bhanumathi.s/dev/Customerfe/node_modules/@babel/parser/lib/index.js:9858:18)
      at TypeScriptParserMixin.parseMaybeUnaryOrPrivate (/Users/bhanumathi.s/dev/Customerfe/node_modules/@babel/parser/lib/index.js:10920:61)
      at TypeScriptParserMixin.parseExprOps (/Users/bhanumathi.s/dev/Customerfe/node_modules/@babel/parser/lib/index.js:10925:23)
      at TypeScriptParserMixin.parseMaybeConditional (/Users/bhanumathi.s/dev/Customerfe/node_modules/@babel/parser/lib/index.js:10902:23)
      at TypeScriptParserMixin.parseMaybeAssign (/Users/bhanumathi.s/dev/Customerfe/node_modules/@babel/parser/lib/index.js:10852:21)
      at TypeScriptParserMixin.parseMaybeAssign (/Users/bhanumathi.s/dev/Customerfe/node_modules/@babel/parser/lib/index.js:9807:20)
      at TypeScriptParserMixin.parseExpressionBase (/Users/bhanumathi.s/dev/Customerfe/node_modules/@babel/parser/lib/index.js:10805:23)
      at /Users/bhanumathi.s/dev/Customerfe/node_modules/@babel/parser/lib/index.js:10801:39
      at TypeScriptParserMixin.allowInAnd (/Users/bhanumathi.s/dev/Customerfe/node_modules/@babel/parser/lib/index.js:12450:16)
      at TypeScriptParserMixin.parseExpression (/Users/bhanumathi.s/dev/Customerfe/node_modules/@babel/parser/lib/index.js:10801:17)
      at TypeScriptParserMixin.parseReturnStatement (/Users/bhanumathi.s/dev/Customerfe/node_modules/@babel/parser/lib/index.js:13171:28)
      at TypeScriptParserMixin.parseStatementContent (/Users/bhanumathi.s/dev/Customerfe/node_modules/@babel/parser/lib/index.js:12827:21)
      at TypeScriptParserMixin.parseStatementContent (/Users/bhanumathi.s/dev/Customerfe/node_modules/@babel/parser/lib/index.js:9529:18)
      at TypeScriptParserMixin.parseStatementLike (/Users/bhanumathi.s/dev/Customerfe/node_modules/@babel/parser/lib/index.js:12796:17)
4:48:29 pm [vite] Internal server error: /Users/bhanumathi.s/dev/Customerfe/src/pages/CityPage.tsx: Unexpected token (799:12)

  797 |             className="reveal d1"
  798 |             style={{ fontSize: "clamp(30px,4.4vw,58px)" }}
> 799 |             <LiveVenues slug={slug} />
      |             ^
  800 |             dangerouslySetInnerHTML={{ __html: closing.headingHtml ?? "" }}
  801 |           />
  802 |           <p className="lede on-dark reveal d2" style={{ margin: "18px auto 28px" }}>
  Plugin: vite:react-babel
  File: /Users/bhanumathi.s/dev/Customerfe/src/pages/CityPage.tsx:799:12
  797|              className="reveal d1"
  798|              style={{ fontSize: "clamp(30px,4.4vw,58px)" }}
  799|              <LiveVenues slug={slug} />
     |              ^
  800|              dangerouslySetInnerHTML={{ __html: closing.headingHtml ?? "" }}
  801|            />
      at constructor (/Users/bhanumathi.s/dev/Customerfe/node_modules/@babel/parser/lib/index.js:369:19)
      at TypeScriptParserMixin.raise (/Users/bhanumathi.s/dev/Customerfe/node_modules/@babel/parser/lib/index.js:6620:19)
      at TypeScriptParserMixin.unexpected (/Users/bhanumathi.s/dev/Customerfe/node_modules/@babel/parser/lib/index.js:6640:16)
      at TypeScriptParserMixin.jsxParseIdentifier (/Users/bhanumathi.s/dev/Customerfe/node_modules/@babel/parser/lib/index.js:4585:12)
      at TypeScriptParserMixin.jsxParseNamespacedName (/Users/bhanumathi.s/dev/Customerfe/node_modules/@babel/parser/lib/index.js:4592:23)
      at TypeScriptParserMixin.jsxParseAttribute (/Users/bhanumathi.s/dev/Customerfe/node_modules/@babel/parser/lib/index.js:4668:22)
      at TypeScriptParserMixin.jsxParseOpeningElementAfterName (/Users/bhanumathi.s/dev/Customerfe/node_modules/@babel/parser/lib/index.js:4683:28)
      at TypeScriptParserMixin.jsxParseOpeningElementAfterName (/Users/bhanumathi.s/dev/Customerfe/node_modules/@babel/parser/lib/index.js:10064:18)
      at TypeScriptParserMixin.jsxParseOpeningElementAt (/Users/bhanumathi.s/dev/Customerfe/node_modules/@babel/parser/lib/index.js:4678:17)
      at TypeScriptParserMixin.jsxParseElementAt (/Users/bhanumathi.s/dev/Customerfe/node_modules/@babel/parser/lib/index.js:4702:33)
      at TypeScriptParserMixin.jsxParseElementAt (/Users/bhanumathi.s/dev/Customerfe/node_modules/@babel/parser/lib/index.js:4714:32)
      at TypeScriptParserMixin.jsxParseElementAt (/Users/bhanumathi.s/dev/Customerfe/node_modules/@babel/parser/lib/index.js:4714:32)
      at TypeScriptParserMixin.jsxParseElementAt (/Users/bhanumathi.s/dev/Customerfe/node_modules/@babel/parser/lib/index.js:4714:32)
      at TypeScriptParserMixin.jsxParseElement (/Users/bhanumathi.s/dev/Customerfe/node_modules/@babel/parser/lib/index.js:4765:17)
      at TypeScriptParserMixin.parseExprAtom (/Users/bhanumathi.s/dev/Customerfe/node_modules/@babel/parser/lib/index.js:4775:19)
      at TypeScriptParserMixin.parseExprSubscripts (/Users/bhanumathi.s/dev/Customerfe/node_modules/@babel/parser/lib/index.js:11102:23)
      at TypeScriptParserMixin.parseUpdate (/Users/bhanumathi.s/dev/Customerfe/node_modules/@babel/parser/lib/index.js:11087:21)
      at TypeScriptParserMixin.parseMaybeUnary (/Users/bhanumathi.s/dev/Customerfe/node_modules/@babel/parser/lib/index.js:11067:23)
      at TypeScriptParserMixin.parseMaybeUnary (/Users/bhanumathi.s/dev/Customerfe/node_modules/@babel/parser/lib/index.js:9858:18)
      at TypeScriptParserMixin.parseMaybeUnaryOrPrivate (/Users/bhanumathi.s/dev/Customerfe/node_modules/@babel/parser/lib/index.js:10920:61)
      at TypeScriptParserMixin.parseExprOps (/Users/bhanumathi.s/dev/Customerfe/node_modules/@babel/parser/lib/index.js:10925:23)
      at TypeScriptParserMixin.parseMaybeConditional (/Users/bhanumathi.s/dev/Customerfe/node_modules/@babel/parser/lib/index.js:10902:23)
      at TypeScriptParserMixin.parseMaybeAssign (/Users/bhanumathi.s/dev/Customerfe/node_modules/@babel/parser/lib/index.js:10852:21)
      at /Users/bhanumathi.s/dev/Customerfe/node_modules/@babel/parser/lib/index.js:9796:39
      at TypeScriptParserMixin.tryParse (/Users/bhanumathi.s/dev/Customerfe/node_modules/@babel/parser/lib/index.js:6928:20)
      at TypeScriptParserMixin.parseMaybeAssign (/Users/bhanumathi.s/dev/Customerfe/node_modules/@babel/parser/lib/index.js:9796:18)
      at /Users/bhanumathi.s/dev/Customerfe/node_modules/@babel/parser/lib/index.js:10821:39
      at TypeScriptParserMixin.allowInAnd (/Users/bhanumathi.s/dev/Customerfe/node_modules/@babel/parser/lib/index.js:12455:12)
      at TypeScriptParserMixin.parseMaybeAssignAllowIn (/Users/bhanumathi.s/dev/Customerfe/node_modules/@babel/parser/lib/index.js:10821:17)
      at TypeScriptParserMixin.parseMaybeAssignAllowInOrVoidPattern (/Users/bhanumathi.s/dev/Customerfe/node_modules/@babel/parser/lib/index.js:12522:17)
      at TypeScriptParserMixin.parseParenAndDistinguishExpression (/Users/bhanumathi.s/dev/Customerfe/node_modules/@babel/parser/lib/index.js:11701:28)
      at TypeScriptParserMixin.parseExprAtom (/Users/bhanumathi.s/dev/Customerfe/node_modules/@babel/parser/lib/index.js:11357:23)
      at TypeScriptParserMixin.parseExprAtom (/Users/bhanumathi.s/dev/Customerfe/node_modules/@babel/parser/lib/index.js:4780:20)
      at TypeScriptParserMixin.parseExprSubscripts (/Users/bhanumathi.s/dev/Customerfe/node_modules/@babel/parser/lib/index.js:11102:23)
      at TypeScriptParserMixin.parseUpdate (/Users/bhanumathi.s/dev/Customerfe/node_modules/@babel/parser/lib/index.js:11087:21)
      at TypeScriptParserMixin.parseMaybeUnary (/Users/bhanumathi.s/dev/Customerfe/node_modules/@babel/parser/lib/index.js:11067:23)
      at TypeScriptParserMixin.parseMaybeUnary (/Users/bhanumathi.s/dev/Customerfe/node_modules/@babel/parser/lib/index.js:9858:18)
      at TypeScriptParserMixin.parseMaybeUnaryOrPrivate (/Users/bhanumathi.s/dev/Customerfe/node_modules/@babel/parser/lib/index.js:10920:61)
      at TypeScriptParserMixin.parseExprOps (/Users/bhanumathi.s/dev/Customerfe/node_modules/@babel/parser/lib/index.js:10925:23)
      at TypeScriptParserMixin.parseMaybeConditional (/Users/bhanumathi.s/dev/Customerfe/node_modules/@babel/parser/lib/index.js:10902:23)
      at TypeScriptParserMixin.parseMaybeAssign (/Users/bhanumathi.s/dev/Customerfe/node_modules/@babel/parser/lib/index.js:10852:21)
      at TypeScriptParserMixin.parseMaybeAssign (/Users/bhanumathi.s/dev/Customerfe/node_modules/@babel/parser/lib/index.js:9807:20)
      at TypeScriptParserMixin.parseExpressionBase (/Users/bhanumathi.s/dev/Customerfe/node_modules/@babel/parser/lib/index.js:10805:23)
      at /Users/bhanumathi.s/dev/Customerfe/node_modules/@babel/parser/lib/index.js:10801:39
      at TypeScriptParserMixin.allowInAnd (/Users/bhanumathi.s/dev/Customerfe/node_modules/@babel/parser/lib/index.js:12450:16)
      at TypeScriptParserMixin.parseExpression (/Users/bhanumathi.s/dev/Customerfe/node_modules/@babel/parser/lib/index.js:10801:17)
      at TypeScriptParserMixin.parseReturnStatement (/Users/bhanumathi.s/dev/Customerfe/node_modules/@babel/parser/lib/index.js:13171:28)
      at TypeScriptParserMixin.parseStatementContent (/Users/bhanumathi.s/dev/Customerfe/node_modules/@babel/parser/lib/index.js:12827:21)
      at TypeScriptParserMixin.parseStatementContent (/Users/bhanumathi.s/dev/Customerfe/node_modules/@babel/parser/lib/index.js:9529:18)
      at TypeScriptParserMixin.parseStatementLike (/Users/bhanumathi.s/dev/Customerfe/node_modules/@babel/parser/lib/index.js:12796:17)
4:48:29 pm [vite] Internal server error: /Users/bhanumathi.s/dev/Customerfe/src/pages/CityPage.tsx: Unexpected token (799:12)

  797 |             className="reveal d1"
  798 |             style={{ fontSize: "clamp(30px,4.4vw,58px)" }}
> 799 |             <LiveVenues slug={slug} />
      |             ^
  800 |             dangerouslySetInnerHTML={{ __html: closing.headingHtml ?? "" }}
  801 |           />
  802 |           <p className="lede on-dark reveal d2" style={{ margin: "18px auto 28px" }}>
  Plugin: vite:react-babel
  File: /Users/bhanumathi.s/dev/Customerfe/src/pages/CityPage.tsx:799:12
  797|              className="reveal d1"
  798|              style={{ fontSize: "clamp(30px,4.4vw,58px)" }}
  799|              <LiveVenues slug={slug} />
     |              ^
  800|              dangerouslySetInnerHTML={{ __html: closing.headingHtml ?? "" }}
  801|            />
      at constructor (/Users/bhanumathi.s/dev/Customerfe/node_modules/@babel/parser/lib/index.js:369:19)
      at TypeScriptParserMixin.raise (/Users/bhanumathi.s/dev/Customerfe/node_modules/@babel/parser/lib/index.js:6620:19)
      at TypeScriptParserMixin.unexpected (/Users/bhanumathi.s/dev/Customerfe/node_modules/@babel/parser/lib/index.js:6640:16)
      at TypeScriptParserMixin.jsxParseIdentifier (/Users/bhanumathi.s/dev/Customerfe/node_modules/@babel/parser/lib/index.js:4585:12)
      at TypeScriptParserMixin.jsxParseNamespacedName (/Users/bhanumathi.s/dev/Customerfe/node_modules/@babel/parser/lib/index.js:4592:23)
      at TypeScriptParserMixin.jsxParseAttribute (/Users/bhanumathi.s/dev/Customerfe/node_modules/@babel/parser/lib/index.js:4668:22)
      at TypeScriptParserMixin.jsxParseOpeningElementAfterName (/Users/bhanumathi.s/dev/Customerfe/node_modules/@babel/parser/lib/index.js:4683:28)
      at TypeScriptParserMixin.jsxParseOpeningElementAfterName (/Users/bhanumathi.s/dev/Customerfe/node_modules/@babel/parser/lib/index.js:10064:18)
      at TypeScriptParserMixin.jsxParseOpeningElementAt (/Users/bhanumathi.s/dev/Customerfe/node_modules/@babel/parser/lib/index.js:4678:17)
      at TypeScriptParserMixin.jsxParseElementAt (/Users/bhanumathi.s/dev/Customerfe/node_modules/@babel/parser/lib/index.js:4702:33)
      at TypeScriptParserMixin.jsxParseElementAt (/Users/bhanumathi.s/dev/Customerfe/node_modules/@babel/parser/lib/index.js:4714:32)
      at TypeScriptParserMixin.jsxParseElementAt (/Users/bhanumathi.s/dev/Customerfe/node_modules/@babel/parser/lib/index.js:4714:32)
      at TypeScriptParserMixin.jsxParseElementAt (/Users/bhanumathi.s/dev/Customerfe/node_modules/@babel/parser/lib/index.js:4714:32)
      at TypeScriptParserMixin.jsxParseElement (/Users/bhanumathi.s/dev/Customerfe/node_modules/@babel/parser/lib/index.js:4765:17)
      at TypeScriptParserMixin.parseExprAtom (/Users/bhanumathi.s/dev/Customerfe/node_modules/@babel/parser/lib/index.js:4775:19)
      at TypeScriptParserMixin.parseExprSubscripts (/Users/bhanumathi.s/dev/Customerfe/node_modules/@babel/parser/lib/index.js:11102:23)
      at TypeScriptParserMixin.parseUpdate (/Users/bhanumathi.s/dev/Customerfe/node_modules/@babel/parser/lib/index.js:11087:21)
      at TypeScriptParserMixin.parseMaybeUnary (/Users/bhanumathi.s/dev/Customerfe/node_modules/@babel/parser/lib/index.js:11067:23)
      at TypeScriptParserMixin.parseMaybeUnary (/Users/bhanumathi.s/dev/Customerfe/node_modules/@babel/parser/lib/index.js:9858:18)
      at TypeScriptParserMixin.parseMaybeUnaryOrPrivate (/Users/bhanumathi.s/dev/Customerfe/node_modules/@babel/parser/lib/index.js:10920:61)
      at TypeScriptParserMixin.parseExprOps (/Users/bhanumathi.s/dev/Customerfe/node_modules/@babel/parser/lib/index.js:10925:23)
      at TypeScriptParserMixin.parseMaybeConditional (/Users/bhanumathi.s/dev/Customerfe/node_modules/@babel/parser/lib/index.js:10902:23)
      at TypeScriptParserMixin.parseMaybeAssign (/Users/bhanumathi.s/dev/Customerfe/node_modules/@babel/parser/lib/index.js:10852:21)
      at /Users/bhanumathi.s/dev/Customerfe/node_modules/@babel/parser/lib/index.js:9796:39
      at TypeScriptParserMixin.tryParse (/Users/bhanumathi.s/dev/Customerfe/node_modules/@babel/parser/lib/index.js:6928:20)
      at TypeScriptParserMixin.parseMaybeAssign (/Users/bhanumathi.s/dev/Customerfe/node_modules/@babel/parser/lib/index.js:9796:18)
      at /Users/bhanumathi.s/dev/Customerfe/node_modules/@babel/parser/lib/index.js:10821:39
      at TypeScriptParserMixin.allowInAnd (/Users/bhanumathi.s/dev/Customerfe/node_modules/@babel/parser/lib/index.js:12455:12)
      at TypeScriptParserMixin.parseMaybeAssignAllowIn (/Users/bhanumathi.s/dev/Customerfe/node_modules/@babel/parser/lib/index.js:10821:17)
      at TypeScriptParserMixin.parseMaybeAssignAllowInOrVoidPattern (/Users/bhanumathi.s/dev/Customerfe/node_modules/@babel/parser/lib/index.js:12522:17)
      at TypeScriptParserMixin.parseParenAndDistinguishExpression (/Users/bhanumathi.s/dev/Customerfe/node_modules/@babel/parser/lib/index.js:11701:28)
      at TypeScriptParserMixin.parseExprAtom (/Users/bhanumathi.s/dev/Customerfe/node_modules/@babel/parser/lib/index.js:11357:23)
      at TypeScriptParserMixin.parseExprAtom (/Users/bhanumathi.s/dev/Customerfe/node_modules/@babel/parser/lib/index.js:4780:20)
      at TypeScriptParserMixin.parseExprSubscripts (/Users/bhanumathi.s/dev/Customerfe/node_modules/@babel/parser/lib/index.js:11102:23)
      at TypeScriptParserMixin.parseUpdate (/Users/bhanumathi.s/dev/Customerfe/node_modules/@babel/parser/lib/index.js:11087:21)
      at TypeScriptParserMixin.parseMaybeUnary (/Users/bhanumathi.s/dev/Customerfe/node_modules/@babel/parser/lib/index.js:11067:23)
      at TypeScriptParserMixin.parseMaybeUnary (/Users/bhanumathi.s/dev/Customerfe/node_modules/@babel/parser/lib/index.js:9858:18)
      at TypeScriptParserMixin.parseMaybeUnaryOrPrivate (/Users/bhanumathi.s/dev/Customerfe/node_modules/@babel/parser/lib/index.js:10920:61)
      at TypeScriptParserMixin.parseExprOps (/Users/bhanumathi.s/dev/Customerfe/node_modules/@babel/parser/lib/index.js:10925:23)
      at TypeScriptParserMixin.parseMaybeConditional (/Users/bhanumathi.s/dev/Customerfe/node_modules/@babel/parser/lib/index.js:10902:23)
      at TypeScriptParserMixin.parseMaybeAssign (/Users/bhanumathi.s/dev/Customerfe/node_modules/@babel/parser/lib/index.js:10852:21)
      at TypeScriptParserMixin.parseMaybeAssign (/Users/bhanumathi.s/dev/Customerfe/node_modules/@babel/parser/lib/index.js:9807:20)
      at TypeScriptParserMixin.parseExpressionBase (/Users/bhanumathi.s/dev/Customerfe/node_modules/@babel/parser/lib/index.js:10805:23)
      at /Users/bhanumathi.s/dev/Customerfe/node_modules/@babel/parser/lib/index.js:10801:39
      at TypeScriptParserMixin.allowInAnd (/Users/bhanumathi.s/dev/Customerfe/node_modules/@babel/parser/lib/index.js:12450:16)
      at TypeScriptParserMixin.parseExpression (/Users/bhanumathi.s/dev/Customerfe/node_modules/@babel/parser/lib/index.js:10801:17)
      at TypeScriptParserMixin.parseReturnStatement (/Users/bhanumathi.s/dev/Customerfe/node_modules/@babel/parser/lib/index.js:13171:28)
      at TypeScriptParserMixin.parseStatementContent (/Users/bhanumathi.s/dev/Customerfe/node_modules/@babel/parser/lib/index.js:12827:21)
      at TypeScriptParserMixin.parseStatementContent (/Users/bhanumathi.s/dev/Customerfe/node_modules/@babel/parser/lib/index.js:9529:18)
      at TypeScriptParserMixin.parseStatementLike (/Users/bhanumathi.s/dev/Customerfe/node_modules/@babel/parser/lib/index.js:12796:17)
4:48:29 pm [vite] Internal server error: /Users/bhanumathi.s/dev/Customerfe/src/pages/CityPage.tsx: Unexpected token (799:12)

  797 |             className="reveal d1"
  798 |             style={{ fontSize: "clamp(30px,4.4vw,58px)" }}
> 799 |             <LiveVenues slug={slug} />
      |             ^
  800 |             dangerouslySetInnerHTML={{ __html: closing.headingHtml ?? "" }}
  801 |           />
  802 |           <p className="lede on-dark reveal d2" style={{ margin: "18px auto 28px" }}>
  Plugin: vite:react-babel
  File: /Users/bhanumathi.s/dev/Customerfe/src/pages/CityPage.tsx:799:12
  797|              className="reveal d1"
  798|              style={{ fontSize: "clamp(30px,4.4vw,58px)" }}
  799|              <LiveVenues slug={slug} />
     |              ^
  800|              dangerouslySetInnerHTML={{ __html: closing.headingHtml ?? "" }}
  801|            />
      at constructor (/Users/bhanumathi.s/dev/Customerfe/node_modules/@babel/parser/lib/index.js:369:19)
      at TypeScriptParserMixin.raise (/Users/bhanumathi.s/dev/Customerfe/node_modules/@babel/parser/lib/index.js:6620:19)
      at TypeScriptParserMixin.unexpected (/Users/bhanumathi.s/dev/Customerfe/node_modules/@babel/parser/lib/index.js:6640:16)
      at TypeScriptParserMixin.jsxParseIdentifier (/Users/bhanumathi.s/dev/Customerfe/node_modules/@babel/parser/lib/index.js:4585:12)
      at TypeScriptParserMixin.jsxParseNamespacedName (/Users/bhanumathi.s/dev/Customerfe/node_modules/@babel/parser/lib/index.js:4592:23)
      at TypeScriptParserMixin.jsxParseAttribute (/Users/bhanumathi.s/dev/Customerfe/node_modules/@babel/parser/lib/index.js:4668:22)
      at TypeScriptParserMixin.jsxParseOpeningElementAfterName (/Users/bhanumathi.s/dev/Customerfe/node_modules/@babel/parser/lib/index.js:4683:28)
      at TypeScriptParserMixin.jsxParseOpeningElementAfterName (/Users/bhanumathi.s/dev/Customerfe/node_modules/@babel/parser/lib/index.js:10064:18)
      at TypeScriptParserMixin.jsxParseOpeningElementAt (/Users/bhanumathi.s/dev/Customerfe/node_modules/@babel/parser/lib/index.js:4678:17)
      at TypeScriptParserMixin.jsxParseElementAt (/Users/bhanumathi.s/dev/Customerfe/node_modules/@babel/parser/lib/index.js:4702:33)
      at TypeScriptParserMixin.jsxParseElementAt (/Users/bhanumathi.s/dev/Customerfe/node_modules/@babel/parser/lib/index.js:4714:32)
      at TypeScriptParserMixin.jsxParseElementAt (/Users/bhanumathi.s/dev/Customerfe/node_modules/@babel/parser/lib/index.js:4714:32)
      at TypeScriptParserMixin.jsxParseElementAt (/Users/bhanumathi.s/dev/Customerfe/node_modules/@babel/parser/lib/index.js:4714:32)
      at TypeScriptParserMixin.jsxParseElement (/Users/bhanumathi.s/dev/Customerfe/node_modules/@babel/parser/lib/index.js:4765:17)
      at TypeScriptParserMixin.parseExprAtom (/Users/bhanumathi.s/dev/Customerfe/node_modules/@babel/parser/lib/index.js:4775:19)
      at TypeScriptParserMixin.parseExprSubscripts (/Users/bhanumathi.s/dev/Customerfe/node_modules/@babel/parser/lib/index.js:11102:23)
      at TypeScriptParserMixin.parseUpdate (/Users/bhanumathi.s/dev/Customerfe/node_modules/@babel/parser/lib/index.js:11087:21)
      at TypeScriptParserMixin.parseMaybeUnary (/Users/bhanumathi.s/dev/Customerfe/node_modules/@babel/parser/lib/index.js:11067:23)
      at TypeScriptParserMixin.parseMaybeUnary (/Users/bhanumathi.s/dev/Customerfe/node_modules/@babel/parser/lib/index.js:9858:18)
      at TypeScriptParserMixin.parseMaybeUnaryOrPrivate (/Users/bhanumathi.s/dev/Customerfe/node_modules/@babel/parser/lib/index.js:10920:61)
      at TypeScriptParserMixin.parseExprOps (/Users/bhanumathi.s/dev/Customerfe/node_modules/@babel/parser/lib/index.js:10925:23)
      at TypeScriptParserMixin.parseMaybeConditional (/Users/bhanumathi.s/dev/Customerfe/node_modules/@babel/parser/lib/index.js:10902:23)
      at TypeScriptParserMixin.parseMaybeAssign (/Users/bhanumathi.s/dev/Customerfe/node_modules/@babel/parser/lib/index.js:10852:21)
      at /Users/bhanumathi.s/dev/Customerfe/node_modules/@babel/parser/lib/index.js:9796:39
      at TypeScriptParserMixin.tryParse (/Users/bhanumathi.s/dev/Customerfe/node_modules/@babel/parser/lib/index.js:6928:20)
      at TypeScriptParserMixin.parseMaybeAssign (/Users/bhanumathi.s/dev/Customerfe/node_modules/@babel/parser/lib/index.js:9796:18)
      at /Users/bhanumathi.s/dev/Customerfe/node_modules/@babel/parser/lib/index.js:10821:39
      at TypeScriptParserMixin.allowInAnd (/Users/bhanumathi.s/dev/Customerfe/node_modules/@babel/parser/lib/index.js:12455:12)
      at TypeScriptParserMixin.parseMaybeAssignAllowIn (/Users/bhanumathi.s/dev/Customerfe/node_modules/@babel/parser/lib/index.js:10821:17)
      at TypeScriptParserMixin.parseMaybeAssignAllowInOrVoidPattern (/Users/bhanumathi.s/dev/Customerfe/node_modules/@babel/parser/lib/index.js:12522:17)
      at TypeScriptParserMixin.parseParenAndDistinguishExpression (/Users/bhanumathi.s/dev/Customerfe/node_modules/@babel/parser/lib/index.js:11701:28)
      at TypeScriptParserMixin.parseExprAtom (/Users/bhanumathi.s/dev/Customerfe/node_modules/@babel/parser/lib/index.js:11357:23)
      at TypeScriptParserMixin.parseExprAtom (/Users/bhanumathi.s/dev/Customerfe/node_modules/@babel/parser/lib/index.js:4780:20)
      at TypeScriptParserMixin.parseExprSubscripts (/Users/bhanumathi.s/dev/Customerfe/node_modules/@babel/parser/lib/index.js:11102:23)
      at TypeScriptParserMixin.parseUpdate (/Users/bhanumathi.s/dev/Customerfe/node_modules/@babel/parser/lib/index.js:11087:21)
      at TypeScriptParserMixin.parseMaybeUnary (/Users/bhanumathi.s/dev/Customerfe/node_modules/@babel/parser/lib/index.js:11067:23)
      at TypeScriptParserMixin.parseMaybeUnary (/Users/bhanumathi.s/dev/Customerfe/node_modules/@babel/parser/lib/index.js:9858:18)
      at TypeScriptParserMixin.parseMaybeUnaryOrPrivate (/Users/bhanumathi.s/dev/Customerfe/node_modules/@babel/parser/lib/index.js:10920:61)
      at TypeScriptParserMixin.parseExprOps (/Users/bhanumathi.s/dev/Customerfe/node_modules/@babel/parser/lib/index.js:10925:23)
      at TypeScriptParserMixin.parseMaybeConditional (/Users/bhanumathi.s/dev/Customerfe/node_modules/@babel/parser/lib/index.js:10902:23)
      at TypeScriptParserMixin.parseMaybeAssign (/Users/bhanumathi.s/dev/Customerfe/node_modules/@babel/parser/lib/index.js:10852:21)
      at TypeScriptParserMixin.parseMaybeAssign (/Users/bhanumathi.s/dev/Customerfe/node_modules/@babel/parser/lib/index.js:9807:20)
      at TypeScriptParserMixin.parseExpressionBase (/Users/bhanumathi.s/dev/Customerfe/node_modules/@babel/parser/lib/index.js:10805:23)
      at /Users/bhanumathi.s/dev/Customerfe/node_modules/@babel/parser/lib/index.js:10801:39
      at TypeScriptParserMixin.allowInAnd (/Users/bhanumathi.s/dev/Customerfe/node_modules/@babel/parser/lib/index.js:12450:16)
      at TypeScriptParserMixin.parseExpression (/Users/bhanumathi.s/dev/Customerfe/node_modules/@babel/parser/lib/index.js:10801:17)
      at TypeScriptParserMixin.parseReturnStatement (/Users/bhanumathi.s/dev/Customerfe/node_modules/@babel/parser/lib/index.js:13171:28)
      at TypeScriptParserMixin.parseStatementContent (/Users/bhanumathi.s/dev/Customerfe/node_modules/@babel/parser/lib/index.js:12827:21)
      at TypeScriptParserMixin.parseStatementContent (/Users/bhanumathi.s/dev/Customerfe/node_modules/@babel/parser/lib/index.js:9529:18)
      at TypeScriptParserMixin.parseStatementLike (/Users/bhanumathi.s/dev/Customerfe/node_modules/@babel/parser/lib/index.js:12796:17)
4:48:54 pm [vite] hmr update /src/pages/CityPage.tsx
4:48:54 pm [vite] Internal server error: /Users/bhanumathi.s/dev/Customerfe/src/pages/CityPage.tsx: Unexpected token, expected "..." (799:13)

  797 |             className="reveal d1"
  798 |             style={{ fontSize: "clamp(30px,4.4vw,58px)" }}
> 799 |             {slug <LiveVenues slug={slug} /><LiveVenues slug={slug} /> <LiveVenues slug={slug} />}
      |              ^
  800 |             dangerouslySetInnerHTML={{ __html: closing.headingHtml ?? "" }}
  801 |           />
  802 |           <p className="lede on-dark reveal d2" style={{ margin: "18px auto 28px" }}>
  Plugin: vite:react-babel
  File: /Users/bhanumathi.s/dev/Customerfe/src/pages/CityPage.tsx:799:13
  797|              className="reveal d1"
  798|              style={{ fontSize: "clamp(30px,4.4vw,58px)" }}
  799|              {slug <LiveVenues slug={slug} /><LiveVenues slug={slug} /> <LiveVenues slug={slug} />}
     |               ^
  800|              dangerouslySetInnerHTML={{ __html: closing.headingHtml ?? "" }}
  801|            />
      at constructor (/Users/bhanumathi.s/dev/Customerfe/node_modules/@babel/parser/lib/index.js:369:19)
      at TypeScriptParserMixin.raise (/Users/bhanumathi.s/dev/Customerfe/node_modules/@babel/parser/lib/index.js:6620:19)
      at TypeScriptParserMixin.unexpected (/Users/bhanumathi.s/dev/Customerfe/node_modules/@babel/parser/lib/index.js:6640:16)
      at TypeScriptParserMixin.expect (/Users/bhanumathi.s/dev/Customerfe/node_modules/@babel/parser/lib/index.js:6920:12)
      at TypeScriptParserMixin.jsxParseAttribute (/Users/bhanumathi.s/dev/Customerfe/node_modules/@babel/parser/lib/index.js:4661:12)
      at TypeScriptParserMixin.jsxParseOpeningElementAfterName (/Users/bhanumathi.s/dev/Customerfe/node_modules/@babel/parser/lib/index.js:4683:28)
      at TypeScriptParserMixin.jsxParseOpeningElementAfterName (/Users/bhanumathi.s/dev/Customerfe/node_modules/@babel/parser/lib/index.js:10064:18)
      at TypeScriptParserMixin.jsxParseOpeningElementAt (/Users/bhanumathi.s/dev/Customerfe/node_modules/@babel/parser/lib/index.js:4678:17)
      at TypeScriptParserMixin.jsxParseElementAt (/Users/bhanumathi.s/dev/Customerfe/node_modules/@babel/parser/lib/index.js:4702:33)
      at TypeScriptParserMixin.jsxParseElementAt (/Users/bhanumathi.s/dev/Customerfe/node_modules/@babel/parser/lib/index.js:4714:32)
      at TypeScriptParserMixin.jsxParseElementAt (/Users/bhanumathi.s/dev/Customerfe/node_modules/@babel/parser/lib/index.js:4714:32)
      at TypeScriptParserMixin.jsxParseElementAt (/Users/bhanumathi.s/dev/Customerfe/node_modules/@babel/parser/lib/index.js:4714:32)
      at TypeScriptParserMixin.jsxParseElement (/Users/bhanumathi.s/dev/Customerfe/node_modules/@babel/parser/lib/index.js:4765:17)
      at TypeScriptParserMixin.parseExprAtom (/Users/bhanumathi.s/dev/Customerfe/node_modules/@babel/parser/lib/index.js:4775:19)
      at TypeScriptParserMixin.parseExprSubscripts (/Users/bhanumathi.s/dev/Customerfe/node_modules/@babel/parser/lib/index.js:11102:23)
      at TypeScriptParserMixin.parseUpdate (/Users/bhanumathi.s/dev/Customerfe/node_modules/@babel/parser/lib/index.js:11087:21)
      at TypeScriptParserMixin.parseMaybeUnary (/Users/bhanumathi.s/dev/Customerfe/node_modules/@babel/parser/lib/index.js:11067:23)
      at TypeScriptParserMixin.parseMaybeUnary (/Users/bhanumathi.s/dev/Customerfe/node_modules/@babel/parser/lib/index.js:9858:18)
      at TypeScriptParserMixin.parseMaybeUnaryOrPrivate (/Users/bhanumathi.s/dev/Customerfe/node_modules/@babel/parser/lib/index.js:10920:61)
      at TypeScriptParserMixin.parseExprOps (/Users/bhanumathi.s/dev/Customerfe/node_modules/@babel/parser/lib/index.js:10925:23)
      at TypeScriptParserMixin.parseMaybeConditional (/Users/bhanumathi.s/dev/Customerfe/node_modules/@babel/parser/lib/index.js:10902:23)
      at TypeScriptParserMixin.parseMaybeAssign (/Users/bhanumathi.s/dev/Customerfe/node_modules/@babel/parser/lib/index.js:10852:21)
      at /Users/bhanumathi.s/dev/Customerfe/node_modules/@babel/parser/lib/index.js:9796:39
      at TypeScriptParserMixin.tryParse (/Users/bhanumathi.s/dev/Customerfe/node_modules/@babel/parser/lib/index.js:6928:20)
      at TypeScriptParserMixin.parseMaybeAssign (/Users/bhanumathi.s/dev/Customerfe/node_modules/@babel/parser/lib/index.js:9796:18)
      at /Users/bhanumathi.s/dev/Customerfe/node_modules/@babel/parser/lib/index.js:10821:39
      at TypeScriptParserMixin.allowInAnd (/Users/bhanumathi.s/dev/Customerfe/node_modules/@babel/parser/lib/index.js:12455:12)
      at TypeScriptParserMixin.parseMaybeAssignAllowIn (/Users/bhanumathi.s/dev/Customerfe/node_modules/@babel/parser/lib/index.js:10821:17)
      at TypeScriptParserMixin.parseMaybeAssignAllowInOrVoidPattern (/Users/bhanumathi.s/dev/Customerfe/node_modules/@babel/parser/lib/index.js:12522:17)
      at TypeScriptParserMixin.parseParenAndDistinguishExpression (/Users/bhanumathi.s/dev/Customerfe/node_modules/@babel/parser/lib/index.js:11701:28)
      at TypeScriptParserMixin.parseExprAtom (/Users/bhanumathi.s/dev/Customerfe/node_modules/@babel/parser/lib/index.js:11357:23)
      at TypeScriptParserMixin.parseExprAtom (/Users/bhanumathi.s/dev/Customerfe/node_modules/@babel/parser/lib/index.js:4780:20)
      at TypeScriptParserMixin.parseExprSubscripts (/Users/bhanumathi.s/dev/Customerfe/node_modules/@babel/parser/lib/index.js:11102:23)
      at TypeScriptParserMixin.parseUpdate (/Users/bhanumathi.s/dev/Customerfe/node_modules/@babel/parser/lib/index.js:11087:21)
      at TypeScriptParserMixin.parseMaybeUnary (/Users/bhanumathi.s/dev/Customerfe/node_modules/@babel/parser/lib/index.js:11067:23)
      at TypeScriptParserMixin.parseMaybeUnary (/Users/bhanumathi.s/dev/Customerfe/node_modules/@babel/parser/lib/index.js:9858:18)
      at TypeScriptParserMixin.parseMaybeUnaryOrPrivate (/Users/bhanumathi.s/dev/Customerfe/node_modules/@babel/parser/lib/index.js:10920:61)
      at TypeScriptParserMixin.parseExprOps (/Users/bhanumathi.s/dev/Customerfe/node_modules/@babel/parser/lib/index.js:10925:23)
      at TypeScriptParserMixin.parseMaybeConditional (/Users/bhanumathi.s/dev/Customerfe/node_modules/@babel/parser/lib/index.js:10902:23)
      at TypeScriptParserMixin.parseMaybeAssign (/Users/bhanumathi.s/dev/Customerfe/node_modules/@babel/parser/lib/index.js:10852:21)
      at TypeScriptParserMixin.parseMaybeAssign (/Users/bhanumathi.s/dev/Customerfe/node_modules/@babel/parser/lib/index.js:9807:20)
      at TypeScriptParserMixin.parseExpressionBase (/Users/bhanumathi.s/dev/Customerfe/node_modules/@babel/parser/lib/index.js:10805:23)
      at /Users/bhanumathi.s/dev/Customerfe/node_modules/@babel/parser/lib/index.js:10801:39
      at TypeScriptParserMixin.allowInAnd (/Users/bhanumathi.s/dev/Customerfe/node_modules/@babel/parser/lib/index.js:12450:16)
      at TypeScriptParserMixin.parseExpression (/Users/bhanumathi.s/dev/Customerfe/node_modules/@babel/parser/lib/index.js:10801:17)
      at TypeScriptParserMixin.parseReturnStatement (/Users/bhanumathi.s/dev/Customerfe/node_modules/@babel/parser/lib/index.js:13171:28)
      at TypeScriptParserMixin.parseStatementContent (/Users/bhanumathi.s/dev/Customerfe/node_modules/@babel/parser/lib/index.js:12827:21)
      at TypeScriptParserMixin.parseStatementContent (/Users/bhanumathi.s/dev/Customerfe/node_modules/@babel/parser/lib/index.js:9529:18)
      at TypeScriptParserMixin.parseStatementLike (/Users/bhanumathi.s/dev/Customerfe/node_modules/@babel/parser/lib/index.js:12796:17)
      at TypeScriptParserMixin.parseStatementListItem (/Users/bhanumathi.s/dev/Customerfe/node_modules/@babel/parser/lib/index.js:12776:17)
4:48:54 pm [vite] Internal server error: /Users/bhanumathi.s/dev/Customerfe/src/pages/CityPage.tsx: Unexpected token, expected "..." (799:13)

  797 |             className="reveal d1"
  798 |             style={{ fontSize: "clamp(30px,4.4vw,58px)" }}
> 799 |             {slug <LiveVenues slug={slug} /><LiveVenues slug={slug} /> <LiveVenues slug={slug} />}
      |              ^
  800 |             dangerouslySetInnerHTML={{ __html: closing.headingHtml ?? "" }}
  801 |           />
  802 |           <p className="lede on-dark reveal d2" style={{ margin: "18px auto 28px" }}>
  Plugin: vite:react-babel
  File: /Users/bhanumathi.s/dev/Customerfe/src/pages/CityPage.tsx:799:13
  797|              className="reveal d1"
  798|              style={{ fontSize: "clamp(30px,4.4vw,58px)" }}
  799|              {slug <LiveVenues slug={slug} /><LiveVenues slug={slug} /> <LiveVenues slug={slug} />}
     |               ^
  800|              dangerouslySetInnerHTML={{ __html: closing.headingHtml ?? "" }}
  801|            />
      at constructor (/Users/bhanumathi.s/dev/Customerfe/node_modules/@babel/parser/lib/index.js:369:19)
      at TypeScriptParserMixin.raise (/Users/bhanumathi.s/dev/Customerfe/node_modules/@babel/parser/lib/index.js:6620:19)
      at TypeScriptParserMixin.unexpected (/Users/bhanumathi.s/dev/Customerfe/node_modules/@babel/parser/lib/index.js:6640:16)
      at TypeScriptParserMixin.expect (/Users/bhanumathi.s/dev/Customerfe/node_modules/@babel/parser/lib/index.js:6920:12)
      at TypeScriptParserMixin.jsxParseAttribute (/Users/bhanumathi.s/dev/Customerfe/node_modules/@babel/parser/lib/index.js:4661:12)
      at TypeScriptParserMixin.jsxParseOpeningElementAfterName (/Users/bhanumathi.s/dev/Customerfe/node_modules/@babel/parser/lib/index.js:4683:28)
      at TypeScriptParserMixin.jsxParseOpeningElementAfterName (/Users/bhanumathi.s/dev/Customerfe/node_modules/@babel/parser/lib/index.js:10064:18)
      at TypeScriptParserMixin.jsxParseOpeningElementAt (/Users/bhanumathi.s/dev/Customerfe/node_modules/@babel/parser/lib/index.js:4678:17)
      at TypeScriptParserMixin.jsxParseElementAt (/Users/bhanumathi.s/dev/Customerfe/node_modules/@babel/parser/lib/index.js:4702:33)
      at TypeScriptParserMixin.jsxParseElementAt (/Users/bhanumathi.s/dev/Customerfe/node_modules/@babel/parser/lib/index.js:4714:32)
      at TypeScriptParserMixin.jsxParseElementAt (/Users/bhanumathi.s/dev/Customerfe/node_modules/@babel/parser/lib/index.js:4714:32)
      at TypeScriptParserMixin.jsxParseElementAt (/Users/bhanumathi.s/dev/Customerfe/node_modules/@babel/parser/lib/index.js:4714:32)
      at TypeScriptParserMixin.jsxParseElement (/Users/bhanumathi.s/dev/Customerfe/node_modules/@babel/parser/lib/index.js:4765:17)
      at TypeScriptParserMixin.parseExprAtom (/Users/bhanumathi.s/dev/Customerfe/node_modules/@babel/parser/lib/index.js:4775:19)
      at TypeScriptParserMixin.parseExprSubscripts (/Users/bhanumathi.s/dev/Customerfe/node_modules/@babel/parser/lib/index.js:11102:23)
      at TypeScriptParserMixin.parseUpdate (/Users/bhanumathi.s/dev/Customerfe/node_modules/@babel/parser/lib/index.js:11087:21)
      at TypeScriptParserMixin.parseMaybeUnary (/Users/bhanumathi.s/dev/Customerfe/node_modules/@babel/parser/lib/index.js:11067:23)
      at TypeScriptParserMixin.parseMaybeUnary (/Users/bhanumathi.s/dev/Customerfe/node_modules/@babel/parser/lib/index.js:9858:18)
      at TypeScriptParserMixin.parseMaybeUnaryOrPrivate (/Users/bhanumathi.s/dev/Customerfe/node_modules/@babel/parser/lib/index.js:10920:61)
      at TypeScriptParserMixin.parseExprOps (/Users/bhanumathi.s/dev/Customerfe/node_modules/@babel/parser/lib/index.js:10925:23)
      at TypeScriptParserMixin.parseMaybeConditional (/Users/bhanumathi.s/dev/Customerfe/node_modules/@babel/parser/lib/index.js:10902:23)
      at TypeScriptParserMixin.parseMaybeAssign (/Users/bhanumathi.s/dev/Customerfe/node_modules/@babel/parser/lib/index.js:10852:21)
      at /Users/bhanumathi.s/dev/Customerfe/node_modules/@babel/parser/lib/index.js:9796:39
      at TypeScriptParserMixin.tryParse (/Users/bhanumathi.s/dev/Customerfe/node_modules/@babel/parser/lib/index.js:6928:20)
      at TypeScriptParserMixin.parseMaybeAssign (/Users/bhanumathi.s/dev/Customerfe/node_modules/@babel/parser/lib/index.js:9796:18)
      at /Users/bhanumathi.s/dev/Customerfe/node_modules/@babel/parser/lib/index.js:10821:39
      at TypeScriptParserMixin.allowInAnd (/Users/bhanumathi.s/dev/Customerfe/node_modules/@babel/parser/lib/index.js:12455:12)
      at TypeScriptParserMixin.parseMaybeAssignAllowIn (/Users/bhanumathi.s/dev/Customerfe/node_modules/@babel/parser/lib/index.js:10821:17)
      at TypeScriptParserMixin.parseMaybeAssignAllowInOrVoidPattern (/Users/bhanumathi.s/dev/Customerfe/node_modules/@babel/parser/lib/index.js:12522:17)
      at TypeScriptParserMixin.parseParenAndDistinguishExpression (/Users/bhanumathi.s/dev/Customerfe/node_modules/@babel/parser/lib/index.js:11701:28)
      at TypeScriptParserMixin.parseExprAtom (/Users/bhanumathi.s/dev/Customerfe/node_modules/@babel/parser/lib/index.js:11357:23)
      at TypeScriptParserMixin.parseExprAtom (/Users/bhanumathi.s/dev/Customerfe/node_modules/@babel/parser/lib/index.js:4780:20)
      at TypeScriptParserMixin.parseExprSubscripts (/Users/bhanumathi.s/dev/Customerfe/node_modules/@babel/parser/lib/index.js:11102:23)
      at TypeScriptParserMixin.parseUpdate (/Users/bhanumathi.s/dev/Customerfe/node_modules/@babel/parser/lib/index.js:11087:21)
      at TypeScriptParserMixin.parseMaybeUnary (/Users/bhanumathi.s/dev/Customerfe/node_modules/@babel/parser/lib/index.js:11067:23)
      at TypeScriptParserMixin.parseMaybeUnary (/Users/bhanumathi.s/dev/Customerfe/node_modules/@babel/parser/lib/index.js:9858:18)
      at TypeScriptParserMixin.parseMaybeUnaryOrPrivate (/Users/bhanumathi.s/dev/Customerfe/node_modules/@babel/parser/lib/index.js:10920:61)
      at TypeScriptParserMixin.parseExprOps (/Users/bhanumathi.s/dev/Customerfe/node_modules/@babel/parser/lib/index.js:10925:23)
      at TypeScriptParserMixin.parseMaybeConditional (/Users/bhanumathi.s/dev/Customerfe/node_modules/@babel/parser/lib/index.js:10902:23)
      at TypeScriptParserMixin.parseMaybeAssign (/Users/bhanumathi.s/dev/Customerfe/node_modules/@babel/parser/lib/index.js:10852:21)
      at TypeScriptParserMixin.parseMaybeAssign (/Users/bhanumathi.s/dev/Customerfe/node_modules/@babel/parser/lib/index.js:9807:20)
      at TypeScriptParserMixin.parseExpressionBase (/Users/bhanumathi.s/dev/Customerfe/node_modules/@babel/parser/lib/index.js:10805:23)
      at /Users/bhanumathi.s/dev/Customerfe/node_modules/@babel/parser/lib/index.js:10801:39
      at TypeScriptParserMixin.allowInAnd (/Users/bhanumathi.s/dev/Customerfe/node_modules/@babel/parser/lib/index.js:12450:16)
      at TypeScriptParserMixin.parseExpression (/Users/bhanumathi.s/dev/Customerfe/node_modules/@babel/parser/lib/index.js:10801:17)
      at TypeScriptParserMixin.parseReturnStatement (/Users/bhanumathi.s/dev/Customerfe/node_modules/@babel/parser/lib/index.js:13171:28)
      at TypeScriptParserMixin.parseStatementContent (/Users/bhanumathi.s/dev/Customerfe/node_modules/@babel/parser/lib/index.js:12827:21)
      at TypeScriptParserMixin.parseStatementContent (/Users/bhanumathi.s/dev/Customerfe/node_modules/@babel/parser/lib/index.js:9529:18)
      at TypeScriptParserMixin.parseStatementLike (/Users/bhanumathi.s/dev/Customerfe/node_modules/@babel/parser/lib/index.js:12796:17)
      at TypeScriptParserMixin.parseStatementListItem (/Users/bhanumathi.s/dev/Customerfe/node_modules/@babel/parser/lib/index.js:12776:17)
4:48:54 pm [vite] Internal server error: /Users/bhanumathi.s/dev/Customerfe/src/pages/CityPage.tsx: Unexpected token, expected "..." (799:13)

  797 |             className="reveal d1"
  798 |             style={{ fontSize: "clamp(30px,4.4vw,58px)" }}
> 799 |             {slug <LiveVenues slug={slug} /><LiveVenues slug={slug} /> <LiveVenues slug={slug} />}
      |              ^
  800 |             dangerouslySetInnerHTML={{ __html: closing.headingHtml ?? "" }}
  801 |           />
  802 |           <p className="lede on-dark reveal d2" style={{ margin: "18px auto 28px" }}>
  Plugin: vite:react-babel
  File: /Users/bhanumathi.s/dev/Customerfe/src/pages/CityPage.tsx:799:13
  797|              className="reveal d1"
  798|              style={{ fontSize: "clamp(30px,4.4vw,58px)" }}
  799|              {slug <LiveVenues slug={slug} /><LiveVenues slug={slug} /> <LiveVenues slug={slug} />}
     |               ^
  800|              dangerouslySetInnerHTML={{ __html: closing.headingHtml ?? "" }}
  801|            />
      at constructor (/Users/bhanumathi.s/dev/Customerfe/node_modules/@babel/parser/lib/index.js:369:19)
      at TypeScriptParserMixin.raise (/Users/bhanumathi.s/dev/Customerfe/node_modules/@babel/parser/lib/index.js:6620:19)
      at TypeScriptParserMixin.unexpected (/Users/bhanumathi.s/dev/Customerfe/node_modules/@babel/parser/lib/index.js:6640:16)
      at TypeScriptParserMixin.expect (/Users/bhanumathi.s/dev/Customerfe/node_modules/@babel/parser/lib/index.js:6920:12)
      at TypeScriptParserMixin.jsxParseAttribute (/Users/bhanumathi.s/dev/Customerfe/node_modules/@babel/parser/lib/index.js:4661:12)
      at TypeScriptParserMixin.jsxParseOpeningElementAfterName (/Users/bhanumathi.s/dev/Customerfe/node_modules/@babel/parser/lib/index.js:4683:28)
      at TypeScriptParserMixin.jsxParseOpeningElementAfterName (/Users/bhanumathi.s/dev/Customerfe/node_modules/@babel/parser/lib/index.js:10064:18)
      at TypeScriptParserMixin.jsxParseOpeningElementAt (/Users/bhanumathi.s/dev/Customerfe/node_modules/@babel/parser/lib/index.js:4678:17)
      at TypeScriptParserMixin.jsxParseElementAt (/Users/bhanumathi.s/dev/Customerfe/node_modules/@babel/parser/lib/index.js:4702:33)
      at TypeScriptParserMixin.jsxParseElementAt (/Users/bhanumathi.s/dev/Customerfe/node_modules/@babel/parser/lib/index.js:4714:32)
      at TypeScriptParserMixin.jsxParseElementAt (/Users/bhanumathi.s/dev/Customerfe/node_modules/@babel/parser/lib/index.js:4714:32)
      at TypeScriptParserMixin.jsxParseElementAt (/Users/bhanumathi.s/dev/Customerfe/node_modules/@babel/parser/lib/index.js:4714:32)
      at TypeScriptParserMixin.jsxParseElement (/Users/bhanumathi.s/dev/Customerfe/node_modules/@babel/parser/lib/index.js:4765:17)
      at TypeScriptParserMixin.parseExprAtom (/Users/bhanumathi.s/dev/Customerfe/node_modules/@babel/parser/lib/index.js:4775:19)
      at TypeScriptParserMixin.parseExprSubscripts (/Users/bhanumathi.s/dev/Customerfe/node_modules/@babel/parser/lib/index.js:11102:23)
      at TypeScriptParserMixin.parseUpdate (/Users/bhanumathi.s/dev/Customerfe/node_modules/@babel/parser/lib/index.js:11087:21)
      at TypeScriptParserMixin.parseMaybeUnary (/Users/bhanumathi.s/dev/Customerfe/node_modules/@babel/parser/lib/index.js:11067:23)
      at TypeScriptParserMixin.parseMaybeUnary (/Users/bhanumathi.s/dev/Customerfe/node_modules/@babel/parser/lib/index.js:9858:18)
      at TypeScriptParserMixin.parseMaybeUnaryOrPrivate (/Users/bhanumathi.s/dev/Customerfe/node_modules/@babel/parser/lib/index.js:10920:61)
      at TypeScriptParserMixin.parseExprOps (/Users/bhanumathi.s/dev/Customerfe/node_modules/@babel/parser/lib/index.js:10925:23)
      at TypeScriptParserMixin.parseMaybeConditional (/Users/bhanumathi.s/dev/Customerfe/node_modules/@babel/parser/lib/index.js:10902:23)
      at TypeScriptParserMixin.parseMaybeAssign (/Users/bhanumathi.s/dev/Customerfe/node_modules/@babel/parser/lib/index.js:10852:21)
      at /Users/bhanumathi.s/dev/Customerfe/node_modules/@babel/parser/lib/index.js:9796:39
      at TypeScriptParserMixin.tryParse (/Users/bhanumathi.s/dev/Customerfe/node_modules/@babel/parser/lib/index.js:6928:20)
      at TypeScriptParserMixin.parseMaybeAssign (/Users/bhanumathi.s/dev/Customerfe/node_modules/@babel/parser/lib/index.js:9796:18)
      at /Users/bhanumathi.s/dev/Customerfe/node_modules/@babel/parser/lib/index.js:10821:39
      at TypeScriptParserMixin.allowInAnd (/Users/bhanumathi.s/dev/Customerfe/node_modules/@babel/parser/lib/index.js:12455:12)
      at TypeScriptParserMixin.parseMaybeAssignAllowIn (/Users/bhanumathi.s/dev/Customerfe/node_modules/@babel/parser/lib/index.js:10821:17)
      at TypeScriptParserMixin.parseMaybeAssignAllowInOrVoidPattern (/Users/bhanumathi.s/dev/Customerfe/node_modules/@babel/parser/lib/index.js:12522:17)
      at TypeScriptParserMixin.parseParenAndDistinguishExpression (/Users/bhanumathi.s/dev/Customerfe/node_modules/@babel/parser/lib/index.js:11701:28)
      at TypeScriptParserMixin.parseExprAtom (/Users/bhanumathi.s/dev/Customerfe/node_modules/@babel/parser/lib/index.js:11357:23)
      at TypeScriptParserMixin.parseExprAtom (/Users/bhanumathi.s/dev/Customerfe/node_modules/@babel/parser/lib/index.js:4780:20)
      at TypeScriptParserMixin.parseExprSubscripts (/Users/bhanumathi.s/dev/Customerfe/node_modules/@babel/parser/lib/index.js:11102:23)
      at TypeScriptParserMixin.parseUpdate (/Users/bhanumathi.s/dev/Customerfe/node_modules/@babel/parser/lib/index.js:11087:21)
      at TypeScriptParserMixin.parseMaybeUnary (/Users/bhanumathi.s/dev/Customerfe/node_modules/@babel/parser/lib/index.js:11067:23)
      at TypeScriptParserMixin.parseMaybeUnary (/Users/bhanumathi.s/dev/Customerfe/node_modules/@babel/parser/lib/index.js:9858:18)
      at TypeScriptParserMixin.parseMaybeUnaryOrPrivate (/Users/bhanumathi.s/dev/Customerfe/node_modules/@babel/parser/lib/index.js:10920:61)
      at TypeScriptParserMixin.parseExprOps (/Users/bhanumathi.s/dev/Customerfe/node_modules/@babel/parser/lib/index.js:10925:23)
      at TypeScriptParserMixin.parseMaybeConditional (/Users/bhanumathi.s/dev/Customerfe/node_modules/@babel/parser/lib/index.js:10902:23)
      at TypeScriptParserMixin.parseMaybeAssign (/Users/bhanumathi.s/dev/Customerfe/node_modules/@babel/parser/lib/index.js:10852:21)
      at TypeScriptParserMixin.parseMaybeAssign (/Users/bhanumathi.s/dev/Customerfe/node_modules/@babel/parser/lib/index.js:9807:20)
      at TypeScriptParserMixin.parseExpressionBase (/Users/bhanumathi.s/dev/Customerfe/node_modules/@babel/parser/lib/index.js:10805:23)
      at /Users/bhanumathi.s/dev/Customerfe/node_modules/@babel/parser/lib/index.js:10801:39
      at TypeScriptParserMixin.allowInAnd (/Users/bhanumathi.s/dev/Customerfe/node_modules/@babel/parser/lib/index.js:12450:16)
      at TypeScriptParserMixin.parseExpression (/Users/bhanumathi.s/dev/Customerfe/node_modules/@babel/parser/lib/index.js:10801:17)
      at TypeScriptParserMixin.parseReturnStatement (/Users/bhanumathi.s/dev/Customerfe/node_modules/@babel/parser/lib/index.js:13171:28)
      at TypeScriptParserMixin.parseStatementContent (/Users/bhanumathi.s/dev/Customerfe/node_modules/@babel/parser/lib/index.js:12827:21)
      at TypeScriptParserMixin.parseStatementContent (/Users/bhanumathi.s/dev/Customerfe/node_modules/@babel/parser/lib/index.js:9529:18)
      at TypeScriptParserMixin.parseStatementLike (/Users/bhanumathi.s/dev/Customerfe/node_modules/@babel/parser/lib/index.js:12796:17)
      at TypeScriptParserMixin.parseStatementListItem (/Users/bhanumathi.s/dev/Customerfe/node_modules/@babel/parser/lib/index.js:12776:17)
4:48:54 pm [vite] Internal server error: /Users/bhanumathi.s/dev/Customerfe/src/pages/CityPage.tsx: Unexpected token, expected "..." (799:13)

  797 |             className="reveal d1"
  798 |             style={{ fontSize: "clamp(30px,4.4vw,58px)" }}
> 799 |             {slug <LiveVenues slug={slug} /><LiveVenues slug={slug} /> <LiveVenues slug={slug} />}
      |              ^
  800 |             dangerouslySetInnerHTML={{ __html: closing.headingHtml ?? "" }}
  801 |           />
  802 |           <p className="lede on-dark reveal d2" style={{ margin: "18px auto 28px" }}>
  Plugin: vite:react-babel
  File: /Users/bhanumathi.s/dev/Customerfe/src/pages/CityPage.tsx:799:13
  797|              className="reveal d1"
  798|              style={{ fontSize: "clamp(30px,4.4vw,58px)" }}
  799|              {slug <LiveVenues slug={slug} /><LiveVenues slug={slug} /> <LiveVenues slug={slug} />}
     |               ^
  800|              dangerouslySetInnerHTML={{ __html: closing.headingHtml ?? "" }}
  801|            />
      at constructor (/Users/bhanumathi.s/dev/Customerfe/node_modules/@babel/parser/lib/index.js:369:19)
      at TypeScriptParserMixin.raise (/Users/bhanumathi.s/dev/Customerfe/node_modules/@babel/parser/lib/index.js:6620:19)
      at TypeScriptParserMixin.unexpected (/Users/bhanumathi.s/dev/Customerfe/node_modules/@babel/parser/lib/index.js:6640:16)
      at TypeScriptParserMixin.expect (/Users/bhanumathi.s/dev/Customerfe/node_modules/@babel/parser/lib/index.js:6920:12)
      at TypeScriptParserMixin.jsxParseAttribute (/Users/bhanumathi.s/dev/Customerfe/node_modules/@babel/parser/lib/index.js:4661:12)
      at TypeScriptParserMixin.jsxParseOpeningElementAfterName (/Users/bhanumathi.s/dev/Customerfe/node_modules/@babel/parser/lib/index.js:4683:28)
      at TypeScriptParserMixin.jsxParseOpeningElementAfterName (/Users/bhanumathi.s/dev/Customerfe/node_modules/@babel/parser/lib/index.js:10064:18)
      at TypeScriptParserMixin.jsxParseOpeningElementAt (/Users/bhanumathi.s/dev/Customerfe/node_modules/@babel/parser/lib/index.js:4678:17)
      at TypeScriptParserMixin.jsxParseElementAt (/Users/bhanumathi.s/dev/Customerfe/node_modules/@babel/parser/lib/index.js:4702:33)
      at TypeScriptParserMixin.jsxParseElementAt (/Users/bhanumathi.s/dev/Customerfe/node_modules/@babel/parser/lib/index.js:4714:32)
      at TypeScriptParserMixin.jsxParseElementAt (/Users/bhanumathi.s/dev/Customerfe/node_modules/@babel/parser/lib/index.js:4714:32)
      at TypeScriptParserMixin.jsxParseElementAt (/Users/bhanumathi.s/dev/Customerfe/node_modules/@babel/parser/lib/index.js:4714:32)
      at TypeScriptParserMixin.jsxParseElement (/Users/bhanumathi.s/dev/Customerfe/node_modules/@babel/parser/lib/index.js:4765:17)
      at TypeScriptParserMixin.parseExprAtom (/Users/bhanumathi.s/dev/Customerfe/node_modules/@babel/parser/lib/index.js:4775:19)
      at TypeScriptParserMixin.parseExprSubscripts (/Users/bhanumathi.s/dev/Customerfe/node_modules/@babel/parser/lib/index.js:11102:23)
      at TypeScriptParserMixin.parseUpdate (/Users/bhanumathi.s/dev/Customerfe/node_modules/@babel/parser/lib/index.js:11087:21)
      at TypeScriptParserMixin.parseMaybeUnary (/Users/bhanumathi.s/dev/Customerfe/node_modules/@babel/parser/lib/index.js:11067:23)
      at TypeScriptParserMixin.parseMaybeUnary (/Users/bhanumathi.s/dev/Customerfe/node_modules/@babel/parser/lib/index.js:9858:18)
      at TypeScriptParserMixin.parseMaybeUnaryOrPrivate (/Users/bhanumathi.s/dev/Customerfe/node_modules/@babel/parser/lib/index.js:10920:61)
      at TypeScriptParserMixin.parseExprOps (/Users/bhanumathi.s/dev/Customerfe/node_modules/@babel/parser/lib/index.js:10925:23)
      at TypeScriptParserMixin.parseMaybeConditional (/Users/bhanumathi.s/dev/Customerfe/node_modules/@babel/parser/lib/index.js:10902:23)
      at TypeScriptParserMixin.parseMaybeAssign (/Users/bhanumathi.s/dev/Customerfe/node_modules/@babel/parser/lib/index.js:10852:21)
      at /Users/bhanumathi.s/dev/Customerfe/node_modules/@babel/parser/lib/index.js:9796:39
      at TypeScriptParserMixin.tryParse (/Users/bhanumathi.s/dev/Customerfe/node_modules/@babel/parser/lib/index.js:6928:20)
      at TypeScriptParserMixin.parseMaybeAssign (/Users/bhanumathi.s/dev/Customerfe/node_modules/@babel/parser/lib/index.js:9796:18)
      at /Users/bhanumathi.s/dev/Customerfe/node_modules/@babel/parser/lib/index.js:10821:39
      at TypeScriptParserMixin.allowInAnd (/Users/bhanumathi.s/dev/Customerfe/node_modules/@babel/parser/lib/index.js:12455:12)
      at TypeScriptParserMixin.parseMaybeAssignAllowIn (/Users/bhanumathi.s/dev/Customerfe/node_modules/@babel/parser/lib/index.js:10821:17)
      at TypeScriptParserMixin.parseMaybeAssignAllowInOrVoidPattern (/Users/bhanumathi.s/dev/Customerfe/node_modules/@babel/parser/lib/index.js:12522:17)
      at TypeScriptParserMixin.parseParenAndDistinguishExpression (/Users/bhanumathi.s/dev/Customerfe/node_modules/@babel/parser/lib/index.js:11701:28)
      at TypeScriptParserMixin.parseExprAtom (/Users/bhanumathi.s/dev/Customerfe/node_modules/@babel/parser/lib/index.js:11357:23)
      at TypeScriptParserMixin.parseExprAtom (/Users/bhanumathi.s/dev/Customerfe/node_modules/@babel/parser/lib/index.js:4780:20)
      at TypeScriptParserMixin.parseExprSubscripts (/Users/bhanumathi.s/dev/Customerfe/node_modules/@babel/parser/lib/index.js:11102:23)
      at TypeScriptParserMixin.parseUpdate (/Users/bhanumathi.s/dev/Customerfe/node_modules/@babel/parser/lib/index.js:11087:21)
      at TypeScriptParserMixin.parseMaybeUnary (/Users/bhanumathi.s/dev/Customerfe/node_modules/@babel/parser/lib/index.js:11067:23)
      at TypeScriptParserMixin.parseMaybeUnary (/Users/bhanumathi.s/dev/Customerfe/node_modules/@babel/parser/lib/index.js:9858:18)
      at TypeScriptParserMixin.parseMaybeUnaryOrPrivate (/Users/bhanumathi.s/dev/Customerfe/node_modules/@babel/parser/lib/index.js:10920:61)
      at TypeScriptParserMixin.parseExprOps (/Users/bhanumathi.s/dev/Customerfe/node_modules/@babel/parser/lib/index.js:10925:23)
      at TypeScriptParserMixin.parseMaybeConditional (/Users/bhanumathi.s/dev/Customerfe/node_modules/@babel/parser/lib/index.js:10902:23)
      at TypeScriptParserMixin.parseMaybeAssign (/Users/bhanumathi.s/dev/Customerfe/node_modules/@babel/parser/lib/index.js:10852:21)
      at TypeScriptParserMixin.parseMaybeAssign (/Users/bhanumathi.s/dev/Customerfe/node_modules/@babel/parser/lib/index.js:9807:20)
      at TypeScriptParserMixin.parseExpressionBase (/Users/bhanumathi.s/dev/Customerfe/node_modules/@babel/parser/lib/index.js:10805:23)
      at /Users/bhanumathi.s/dev/Customerfe/node_modules/@babel/parser/lib/index.js:10801:39
      at TypeScriptParserMixin.allowInAnd (/Users/bhanumathi.s/dev/Customerfe/node_modules/@babel/parser/lib/index.js:12450:16)
      at TypeScriptParserMixin.parseExpression (/Users/bhanumathi.s/dev/Customerfe/node_modules/@babel/parser/lib/index.js:10801:17)
      at TypeScriptParserMixin.parseReturnStatement (/Users/bhanumathi.s/dev/Customerfe/node_modules/@babel/parser/lib/index.js:13171:28)
      at TypeScriptParserMixin.parseStatementContent (/Users/bhanumathi.s/dev/Customerfe/node_modules/@babel/parser/lib/index.js:12827:21)
      at TypeScriptParserMixin.parseStatementContent (/Users/bhanumathi.s/dev/Customerfe/node_modules/@babel/parser/lib/index.js:9529:18)
      at TypeScriptParserMixin.parseStatementLike (/Users/bhanumathi.s/dev/Customerfe/node_modules/@babel/parser/lib/index.js:12796:17)
      at TypeScriptParserMixin.parseStatementListItem (/Users/bhanumathi.s/dev/Customerfe/node_modules/@babel/parser/lib/index.js:12776:17)
4:48:54 pm [vite] Internal server error: /Users/bhanumathi.s/dev/Customerfe/src/pages/CityPage.tsx: Unexpected token, expected "..." (799:13)

  797 |             className="reveal d1"
  798 |             style={{ fontSize: "clamp(30px,4.4vw,58px)" }}
> 799 |             {slug <LiveVenues slug={slug} /><LiveVenues slug={slug} /> <LiveVenues slug={slug} />}
      |              ^
  800 |             dangerouslySetInnerHTML={{ __html: closing.headingHtml ?? "" }}
  801 |           />
  802 |           <p className="lede on-dark reveal d2" style={{ margin: "18px auto 28px" }}>
  Plugin: vite:react-babel
  File: /Users/bhanumathi.s/dev/Customerfe/src/pages/CityPage.tsx:799:13
  797|              className="reveal d1"
  798|              style={{ fontSize: "clamp(30px,4.4vw,58px)" }}
  799|              {slug <LiveVenues slug={slug} /><LiveVenues slug={slug} /> <LiveVenues slug={slug} />}
     |               ^
  800|              dangerouslySetInnerHTML={{ __html: closing.headingHtml ?? "" }}
  801|            />
      at constructor (/Users/bhanumathi.s/dev/Customerfe/node_modules/@babel/parser/lib/index.js:369:19)
      at TypeScriptParserMixin.raise (/Users/bhanumathi.s/dev/Customerfe/node_modules/@babel/parser/lib/index.js:6620:19)
      at TypeScriptParserMixin.unexpected (/Users/bhanumathi.s/dev/Customerfe/node_modules/@babel/parser/lib/index.js:6640:16)
      at TypeScriptParserMixin.expect (/Users/bhanumathi.s/dev/Customerfe/node_modules/@babel/parser/lib/index.js:6920:12)
      at TypeScriptParserMixin.jsxParseAttribute (/Users/bhanumathi.s/dev/Customerfe/node_modules/@babel/parser/lib/index.js:4661:12)
      at TypeScriptParserMixin.jsxParseOpeningElementAfterName (/Users/bhanumathi.s/dev/Customerfe/node_modules/@babel/parser/lib/index.js:4683:28)
      at TypeScriptParserMixin.jsxParseOpeningElementAfterName (/Users/bhanumathi.s/dev/Customerfe/node_modules/@babel/parser/lib/index.js:10064:18)
      at TypeScriptParserMixin.jsxParseOpeningElementAt (/Users/bhanumathi.s/dev/Customerfe/node_modules/@babel/parser/lib/index.js:4678:17)
      at TypeScriptParserMixin.jsxParseElementAt (/Users/bhanumathi.s/dev/Customerfe/node_modules/@babel/parser/lib/index.js:4702:33)
      at TypeScriptParserMixin.jsxParseElementAt (/Users/bhanumathi.s/dev/Customerfe/node_modules/@babel/parser/lib/index.js:4714:32)
      at TypeScriptParserMixin.jsxParseElementAt (/Users/bhanumathi.s/dev/Customerfe/node_modules/@babel/parser/lib/index.js:4714:32)
      at TypeScriptParserMixin.jsxParseElementAt (/Users/bhanumathi.s/dev/Customerfe/node_modules/@babel/parser/lib/index.js:4714:32)
      at TypeScriptParserMixin.jsxParseElement (/Users/bhanumathi.s/dev/Customerfe/node_modules/@babel/parser/lib/index.js:4765:17)
      at TypeScriptParserMixin.parseExprAtom (/Users/bhanumathi.s/dev/Customerfe/node_modules/@babel/parser/lib/index.js:4775:19)
      at TypeScriptParserMixin.parseExprSubscripts (/Users/bhanumathi.s/dev/Customerfe/node_modules/@babel/parser/lib/index.js:11102:23)
      at TypeScriptParserMixin.parseUpdate (/Users/bhanumathi.s/dev/Customerfe/node_modules/@babel/parser/lib/index.js:11087:21)
      at TypeScriptParserMixin.parseMaybeUnary (/Users/bhanumathi.s/dev/Customerfe/node_modules/@babel/parser/lib/index.js:11067:23)
      at TypeScriptParserMixin.parseMaybeUnary (/Users/bhanumathi.s/dev/Customerfe/node_modules/@babel/parser/lib/index.js:9858:18)
      at TypeScriptParserMixin.parseMaybeUnaryOrPrivate (/Users/bhanumathi.s/dev/Customerfe/node_modules/@babel/parser/lib/index.js:10920:61)
      at TypeScriptParserMixin.parseExprOps (/Users/bhanumathi.s/dev/Customerfe/node_modules/@babel/parser/lib/index.js:10925:23)
      at TypeScriptParserMixin.parseMaybeConditional (/Users/bhanumathi.s/dev/Customerfe/node_modules/@babel/parser/lib/index.js:10902:23)
      at TypeScriptParserMixin.parseMaybeAssign (/Users/bhanumathi.s/dev/Customerfe/node_modules/@babel/parser/lib/index.js:10852:21)
      at /Users/bhanumathi.s/dev/Customerfe/node_modules/@babel/parser/lib/index.js:9796:39
      at TypeScriptParserMixin.tryParse (/Users/bhanumathi.s/dev/Customerfe/node_modules/@babel/parser/lib/index.js:6928:20)
      at TypeScriptParserMixin.parseMaybeAssign (/Users/bhanumathi.s/dev/Customerfe/node_modules/@babel/parser/lib/index.js:9796:18)
      at /Users/bhanumathi.s/dev/Customerfe/node_modules/@babel/parser/lib/index.js:10821:39
      at TypeScriptParserMixin.allowInAnd (/Users/bhanumathi.s/dev/Customerfe/node_modules/@babel/parser/lib/index.js:12455:12)
      at TypeScriptParserMixin.parseMaybeAssignAllowIn (/Users/bhanumathi.s/dev/Customerfe/node_modules/@babel/parser/lib/index.js:10821:17)
      at TypeScriptParserMixin.parseMaybeAssignAllowInOrVoidPattern (/Users/bhanumathi.s/dev/Customerfe/node_modules/@babel/parser/lib/index.js:12522:17)
      at TypeScriptParserMixin.parseParenAndDistinguishExpression (/Users/bhanumathi.s/dev/Customerfe/node_modules/@babel/parser/lib/index.js:11701:28)
      at TypeScriptParserMixin.parseExprAtom (/Users/bhanumathi.s/dev/Customerfe/node_modules/@babel/parser/lib/index.js:11357:23)
      at TypeScriptParserMixin.parseExprAtom (/Users/bhanumathi.s/dev/Customerfe/node_modules/@babel/parser/lib/index.js:4780:20)
      at TypeScriptParserMixin.parseExprSubscripts (/Users/bhanumathi.s/dev/Customerfe/node_modules/@babel/parser/lib/index.js:11102:23)
      at TypeScriptParserMixin.parseUpdate (/Users/bhanumathi.s/dev/Customerfe/node_modules/@babel/parser/lib/index.js:11087:21)
      at TypeScriptParserMixin.parseMaybeUnary (/Users/bhanumathi.s/dev/Customerfe/node_modules/@babel/parser/lib/index.js:11067:23)
      at TypeScriptParserMixin.parseMaybeUnary (/Users/bhanumathi.s/dev/Customerfe/node_modules/@babel/parser/lib/index.js:9858:18)
      at TypeScriptParserMixin.parseMaybeUnaryOrPrivate (/Users/bhanumathi.s/dev/Customerfe/node_modules/@babel/parser/lib/index.js:10920:61)
      at TypeScriptParserMixin.parseExprOps (/Users/bhanumathi.s/dev/Customerfe/node_modules/@babel/parser/lib/index.js:10925:23)
      at TypeScriptParserMixin.parseMaybeConditional (/Users/bhanumathi.s/dev/Customerfe/node_modules/@babel/parser/lib/index.js:10902:23)
      at TypeScriptParserMixin.parseMaybeAssign (/Users/bhanumathi.s/dev/Customerfe/node_modules/@babel/parser/lib/index.js:10852:21)
      at TypeScriptParserMixin.parseMaybeAssign (/Users/bhanumathi.s/dev/Customerfe/node_modules/@babel/parser/lib/index.js:9807:20)
      at TypeScriptParserMixin.parseExpressionBase (/Users/bhanumathi.s/dev/Customerfe/node_modules/@babel/parser/lib/index.js:10805:23)
      at /Users/bhanumathi.s/dev/Customerfe/node_modules/@babel/parser/lib/index.js:10801:39
      at TypeScriptParserMixin.allowInAnd (/Users/bhanumathi.s/dev/Customerfe/node_modules/@babel/parser/lib/index.js:12450:16)
      at TypeScriptParserMixin.parseExpression (/Users/bhanumathi.s/dev/Customerfe/node_modules/@babel/parser/lib/index.js:10801:17)
      at TypeScriptParserMixin.parseReturnStatement (/Users/bhanumathi.s/dev/Customerfe/node_modules/@babel/parser/lib/index.js:13171:28)
      at TypeScriptParserMixin.parseStatementContent (/Users/bhanumathi.s/dev/Customerfe/node_modules/@babel/parser/lib/index.js:12827:21)
      at TypeScriptParserMixin.parseStatementContent (/Users/bhanumathi.s/dev/Customerfe/node_modules/@babel/parser/lib/index.js:9529:18)
      at TypeScriptParserMixin.parseStatementLike (/Users/bhanumathi.s/dev/Customerfe/node_modules/@babel/parser/lib/index.js:12796:17)
      at TypeScriptParserMixin.parseStatementListItem (/Users/bhanumathi.s/dev/Customerfe/node_modules/@babel/parser/lib/index.js:12776:17)
4:48:54 pm [vite] Internal server error: /Users/bhanumathi.s/dev/Customerfe/src/pages/CityPage.tsx: Unexpected token, expected "..." (799:13)

  797 |             className="reveal d1"
  798 |             style={{ fontSize: "clamp(30px,4.4vw,58px)" }}
> 799 |             {slug <LiveVenues slug={slug} /><LiveVenues slug={slug} /> <LiveVenues slug={slug} />}
      |              ^
  800 |             dangerouslySetInnerHTML={{ __html: closing.headingHtml ?? "" }}
  801 |           />
  802 |           <p className="lede on-dark reveal d2" style={{ margin: "18px auto 28px" }}>
  Plugin: vite:react-babel
  File: /Users/bhanumathi.s/dev/Customerfe/src/pages/CityPage.tsx:799:13
  797|              className="reveal d1"
  798|              style={{ fontSize: "clamp(30px,4.4vw,58px)" }}
  799|              {slug <LiveVenues slug={slug} /><LiveVenues slug={slug} /> <LiveVenues slug={slug} />}
     |               ^
  800|              dangerouslySetInnerHTML={{ __html: closing.headingHtml ?? "" }}
  801|            />
      at constructor (/Users/bhanumathi.s/dev/Customerfe/node_modules/@babel/parser/lib/index.js:369:19)
      at TypeScriptParserMixin.raise (/Users/bhanumathi.s/dev/Customerfe/node_modules/@babel/parser/lib/index.js:6620:19)
      at TypeScriptParserMixin.unexpected (/Users/bhanumathi.s/dev/Customerfe/node_modules/@babel/parser/lib/index.js:6640:16)
      at TypeScriptParserMixin.expect (/Users/bhanumathi.s/dev/Customerfe/node_modules/@babel/parser/lib/index.js:6920:12)
      at TypeScriptParserMixin.jsxParseAttribute (/Users/bhanumathi.s/dev/Customerfe/node_modules/@babel/parser/lib/index.js:4661:12)
      at TypeScriptParserMixin.jsxParseOpeningElementAfterName (/Users/bhanumathi.s/dev/Customerfe/node_modules/@babel/parser/lib/index.js:4683:28)
      at TypeScriptParserMixin.jsxParseOpeningElementAfterName (/Users/bhanumathi.s/dev/Customerfe/node_modules/@babel/parser/lib/index.js:10064:18)
      at TypeScriptParserMixin.jsxParseOpeningElementAt (/Users/bhanumathi.s/dev/Customerfe/node_modules/@babel/parser/lib/index.js:4678:17)
      at TypeScriptParserMixin.jsxParseElementAt (/Users/bhanumathi.s/dev/Customerfe/node_modules/@babel/parser/lib/index.js:4702:33)
      at TypeScriptParserMixin.jsxParseElementAt (/Users/bhanumathi.s/dev/Customerfe/node_modules/@babel/parser/lib/index.js:4714:32)
      at TypeScriptParserMixin.jsxParseElementAt (/Users/bhanumathi.s/dev/Customerfe/node_modules/@babel/parser/lib/index.js:4714:32)
      at TypeScriptParserMixin.jsxParseElementAt (/Users/bhanumathi.s/dev/Customerfe/node_modules/@babel/parser/lib/index.js:4714:32)
      at TypeScriptParserMixin.jsxParseElement (/Users/bhanumathi.s/dev/Customerfe/node_modules/@babel/parser/lib/index.js:4765:17)
      at TypeScriptParserMixin.parseExprAtom (/Users/bhanumathi.s/dev/Customerfe/node_modules/@babel/parser/lib/index.js:4775:19)
      at TypeScriptParserMixin.parseExprSubscripts (/Users/bhanumathi.s/dev/Customerfe/node_modules/@babel/parser/lib/index.js:11102:23)
      at TypeScriptParserMixin.parseUpdate (/Users/bhanumathi.s/dev/Customerfe/node_modules/@babel/parser/lib/index.js:11087:21)
      at TypeScriptParserMixin.parseMaybeUnary (/Users/bhanumathi.s/dev/Customerfe/node_modules/@babel/parser/lib/index.js:11067:23)
      at TypeScriptParserMixin.parseMaybeUnary (/Users/bhanumathi.s/dev/Customerfe/node_modules/@babel/parser/lib/index.js:9858:18)
      at TypeScriptParserMixin.parseMaybeUnaryOrPrivate (/Users/bhanumathi.s/dev/Customerfe/node_modules/@babel/parser/lib/index.js:10920:61)
      at TypeScriptParserMixin.parseExprOps (/Users/bhanumathi.s/dev/Customerfe/node_modules/@babel/parser/lib/index.js:10925:23)
      at TypeScriptParserMixin.parseMaybeConditional (/Users/bhanumathi.s/dev/Customerfe/node_modules/@babel/parser/lib/index.js:10902:23)
      at TypeScriptParserMixin.parseMaybeAssign (/Users/bhanumathi.s/dev/Customerfe/node_modules/@babel/parser/lib/index.js:10852:21)
      at /Users/bhanumathi.s/dev/Customerfe/node_modules/@babel/parser/lib/index.js:9796:39
      at TypeScriptParserMixin.tryParse (/Users/bhanumathi.s/dev/Customerfe/node_modules/@babel/parser/lib/index.js:6928:20)
      at TypeScriptParserMixin.parseMaybeAssign (/Users/bhanumathi.s/dev/Customerfe/node_modules/@babel/parser/lib/index.js:9796:18)
      at /Users/bhanumathi.s/dev/Customerfe/node_modules/@babel/parser/lib/index.js:10821:39
      at TypeScriptParserMixin.allowInAnd (/Users/bhanumathi.s/dev/Customerfe/node_modules/@babel/parser/lib/index.js:12455:12)
      at TypeScriptParserMixin.parseMaybeAssignAllowIn (/Users/bhanumathi.s/dev/Customerfe/node_modules/@babel/parser/lib/index.js:10821:17)
      at TypeScriptParserMixin.parseMaybeAssignAllowInOrVoidPattern (/Users/bhanumathi.s/dev/Customerfe/node_modules/@babel/parser/lib/index.js:12522:17)
      at TypeScriptParserMixin.parseParenAndDistinguishExpression (/Users/bhanumathi.s/dev/Customerfe/node_modules/@babel/parser/lib/index.js:11701:28)
      at TypeScriptParserMixin.parseExprAtom (/Users/bhanumathi.s/dev/Customerfe/node_modules/@babel/parser/lib/index.js:11357:23)
      at TypeScriptParserMixin.parseExprAtom (/Users/bhanumathi.s/dev/Customerfe/node_modules/@babel/parser/lib/index.js:4780:20)
      at TypeScriptParserMixin.parseExprSubscripts (/Users/bhanumathi.s/dev/Customerfe/node_modules/@babel/parser/lib/index.js:11102:23)
      at TypeScriptParserMixin.parseUpdate (/Users/bhanumathi.s/dev/Customerfe/node_modules/@babel/parser/lib/index.js:11087:21)
      at TypeScriptParserMixin.parseMaybeUnary (/Users/bhanumathi.s/dev/Customerfe/node_modules/@babel/parser/lib/index.js:11067:23)
      at TypeScriptParserMixin.parseMaybeUnary (/Users/bhanumathi.s/dev/Customerfe/node_modules/@babel/parser/lib/index.js:9858:18)
      at TypeScriptParserMixin.parseMaybeUnaryOrPrivate (/Users/bhanumathi.s/dev/Customerfe/node_modules/@babel/parser/lib/index.js:10920:61)
      at TypeScriptParserMixin.parseExprOps (/Users/bhanumathi.s/dev/Customerfe/node_modules/@babel/parser/lib/index.js:10925:23)
      at TypeScriptParserMixin.parseMaybeConditional (/Users/bhanumathi.s/dev/Customerfe/node_modules/@babel/parser/lib/index.js:10902:23)
      at TypeScriptParserMixin.parseMaybeAssign (/Users/bhanumathi.s/dev/Customerfe/node_modules/@babel/parser/lib/index.js:10852:21)
      at TypeScriptParserMixin.parseMaybeAssign (/Users/bhanumathi.s/dev/Customerfe/node_modules/@babel/parser/lib/index.js:9807:20)
      at TypeScriptParserMixin.parseExpressionBase (/Users/bhanumathi.s/dev/Customerfe/node_modules/@babel/parser/lib/index.js:10805:23)
      at /Users/bhanumathi.s/dev/Customerfe/node_modules/@babel/parser/lib/index.js:10801:39
      at TypeScriptParserMixin.allowInAnd (/Users/bhanumathi.s/dev/Customerfe/node_modules/@babel/parser/lib/index.js:12450:16)
      at TypeScriptParserMixin.parseExpression (/Users/bhanumathi.s/dev/Customerfe/node_modules/@babel/parser/lib/index.js:10801:17)
      at TypeScriptParserMixin.parseReturnStatement (/Users/bhanumathi.s/dev/Customerfe/node_modules/@babel/parser/lib/index.js:13171:28)
      at TypeScriptParserMixin.parseStatementContent (/Users/bhanumathi.s/dev/Customerfe/node_modules/@babel/parser/lib/index.js:12827:21)
      at TypeScriptParserMixin.parseStatementContent (/Users/bhanumathi.s/dev/Customerfe/node_modules/@babel/parser/lib/index.js:9529:18)
      at TypeScriptParserMixin.parseStatementLike (/Users/bhanumathi.s/dev/Customerfe/node_modules/@babel/parser/lib/index.js:12796:17)
      at TypeScriptParserMixin.parseStatementListItem (/Users/bhanumathi.s/dev/Customerfe/node_modules/@babel/parser/lib/index.js:12776:17)
4:48:54 pm [vite] Internal server error: /Users/bhanumathi.s/dev/Customerfe/src/pages/CityPage.tsx: Unexpected token, expected "..." (799:13)

  797 |             className="reveal d1"
  798 |             style={{ fontSize: "clamp(30px,4.4vw,58px)" }}
> 799 |             {slug <LiveVenues slug={slug} /><LiveVenues slug={slug} /> <LiveVenues slug={slug} />}
      |              ^
  800 |             dangerouslySetInnerHTML={{ __html: closing.headingHtml ?? "" }}
  801 |           />
  802 |           <p className="lede on-dark reveal d2" style={{ margin: "18px auto 28px" }}>
  Plugin: vite:react-babel
  File: /Users/bhanumathi.s/dev/Customerfe/src/pages/CityPage.tsx:799:13
  797|              className="reveal d1"
  798|              style={{ fontSize: "clamp(30px,4.4vw,58px)" }}
  799|              {slug <LiveVenues slug={slug} /><LiveVenues slug={slug} /> <LiveVenues slug={slug} />}
     |               ^
  800|              dangerouslySetInnerHTML={{ __html: closing.headingHtml ?? "" }}
  801|            />
      at constructor (/Users/bhanumathi.s/dev/Customerfe/node_modules/@babel/parser/lib/index.js:369:19)
      at TypeScriptParserMixin.raise (/Users/bhanumathi.s/dev/Customerfe/node_modules/@babel/parser/lib/index.js:6620:19)
      at TypeScriptParserMixin.unexpected (/Users/bhanumathi.s/dev/Customerfe/node_modules/@babel/parser/lib/index.js:6640:16)
      at TypeScriptParserMixin.expect (/Users/bhanumathi.s/dev/Customerfe/node_modules/@babel/parser/lib/index.js:6920:12)
      at TypeScriptParserMixin.jsxParseAttribute (/Users/bhanumathi.s/dev/Customerfe/node_modules/@babel/parser/lib/index.js:4661:12)
      at TypeScriptParserMixin.jsxParseOpeningElementAfterName (/Users/bhanumathi.s/dev/Customerfe/node_modules/@babel/parser/lib/index.js:4683:28)
      at TypeScriptParserMixin.jsxParseOpeningElementAfterName (/Users/bhanumathi.s/dev/Customerfe/node_modules/@babel/parser/lib/index.js:10064:18)
      at TypeScriptParserMixin.jsxParseOpeningElementAt (/Users/bhanumathi.s/dev/Customerfe/node_modules/@babel/parser/lib/index.js:4678:17)
      at TypeScriptParserMixin.jsxParseElementAt (/Users/bhanumathi.s/dev/Customerfe/node_modules/@babel/parser/lib/index.js:4702:33)
      at TypeScriptParserMixin.jsxParseElementAt (/Users/bhanumathi.s/dev/Customerfe/node_modules/@babel/parser/lib/index.js:4714:32)
      at TypeScriptParserMixin.jsxParseElementAt (/Users/bhanumathi.s/dev/Customerfe/node_modules/@babel/parser/lib/index.js:4714:32)
      at TypeScriptParserMixin.jsxParseElementAt (/Users/bhanumathi.s/dev/Customerfe/node_modules/@babel/parser/lib/index.js:4714:32)
      at TypeScriptParserMixin.jsxParseElement (/Users/bhanumathi.s/dev/Customerfe/node_modules/@babel/parser/lib/index.js:4765:17)
      at TypeScriptParserMixin.parseExprAtom (/Users/bhanumathi.s/dev/Customerfe/node_modules/@babel/parser/lib/index.js:4775:19)
      at TypeScriptParserMixin.parseExprSubscripts (/Users/bhanumathi.s/dev/Customerfe/node_modules/@babel/parser/lib/index.js:11102:23)
      at TypeScriptParserMixin.parseUpdate (/Users/bhanumathi.s/dev/Customerfe/node_modules/@babel/parser/lib/index.js:11087:21)
      at TypeScriptParserMixin.parseMaybeUnary (/Users/bhanumathi.s/dev/Customerfe/node_modules/@babel/parser/lib/index.js:11067:23)
      at TypeScriptParserMixin.parseMaybeUnary (/Users/bhanumathi.s/dev/Customerfe/node_modules/@babel/parser/lib/index.js:9858:18)
      at TypeScriptParserMixin.parseMaybeUnaryOrPrivate (/Users/bhanumathi.s/dev/Customerfe/node_modules/@babel/parser/lib/index.js:10920:61)
      at TypeScriptParserMixin.parseExprOps (/Users/bhanumathi.s/dev/Customerfe/node_modules/@babel/parser/lib/index.js:10925:23)
      at TypeScriptParserMixin.parseMaybeConditional (/Users/bhanumathi.s/dev/Customerfe/node_modules/@babel/parser/lib/index.js:10902:23)
      at TypeScriptParserMixin.parseMaybeAssign (/Users/bhanumathi.s/dev/Customerfe/node_modules/@babel/parser/lib/index.js:10852:21)
      at /Users/bhanumathi.s/dev/Customerfe/node_modules/@babel/parser/lib/index.js:9796:39
      at TypeScriptParserMixin.tryParse (/Users/bhanumathi.s/dev/Customerfe/node_modules/@babel/parser/lib/index.js:6928:20)
      at TypeScriptParserMixin.parseMaybeAssign (/Users/bhanumathi.s/dev/Customerfe/node_modules/@babel/parser/lib/index.js:9796:18)
      at /Users/bhanumathi.s/dev/Customerfe/node_modules/@babel/parser/lib/index.js:10821:39
      at TypeScriptParserMixin.allowInAnd (/Users/bhanumathi.s/dev/Customerfe/node_modules/@babel/parser/lib/index.js:12455:12)
      at TypeScriptParserMixin.parseMaybeAssignAllowIn (/Users/bhanumathi.s/dev/Customerfe/node_modules/@babel/parser/lib/index.js:10821:17)
      at TypeScriptParserMixin.parseMaybeAssignAllowInOrVoidPattern (/Users/bhanumathi.s/dev/Customerfe/node_modules/@babel/parser/lib/index.js:12522:17)
      at TypeScriptParserMixin.parseParenAndDistinguishExpression (/Users/bhanumathi.s/dev/Customerfe/node_modules/@babel/parser/lib/index.js:11701:28)
      at TypeScriptParserMixin.parseExprAtom (/Users/bhanumathi.s/dev/Customerfe/node_modules/@babel/parser/lib/index.js:11357:23)
      at TypeScriptParserMixin.parseExprAtom (/Users/bhanumathi.s/dev/Customerfe/node_modules/@babel/parser/lib/index.js:4780:20)
      at TypeScriptParserMixin.parseExprSubscripts (/Users/bhanumathi.s/dev/Customerfe/node_modules/@babel/parser/lib/index.js:11102:23)
      at TypeScriptParserMixin.parseUpdate (/Users/bhanumathi.s/dev/Customerfe/node_modules/@babel/parser/lib/index.js:11087:21)
      at TypeScriptParserMixin.parseMaybeUnary (/Users/bhanumathi.s/dev/Customerfe/node_modules/@babel/parser/lib/index.js:11067:23)
      at TypeScriptParserMixin.parseMaybeUnary (/Users/bhanumathi.s/dev/Customerfe/node_modules/@babel/parser/lib/index.js:9858:18)
      at TypeScriptParserMixin.parseMaybeUnaryOrPrivate (/Users/bhanumathi.s/dev/Customerfe/node_modules/@babel/parser/lib/index.js:10920:61)
      at TypeScriptParserMixin.parseExprOps (/Users/bhanumathi.s/dev/Customerfe/node_modules/@babel/parser/lib/index.js:10925:23)
      at TypeScriptParserMixin.parseMaybeConditional (/Users/bhanumathi.s/dev/Customerfe/node_modules/@babel/parser/lib/index.js:10902:23)
      at TypeScriptParserMixin.parseMaybeAssign (/Users/bhanumathi.s/dev/Customerfe/node_modules/@babel/parser/lib/index.js:10852:21)
      at TypeScriptParserMixin.parseMaybeAssign (/Users/bhanumathi.s/dev/Customerfe/node_modules/@babel/parser/lib/index.js:9807:20)
      at TypeScriptParserMixin.parseExpressionBase (/Users/bhanumathi.s/dev/Customerfe/node_modules/@babel/parser/lib/index.js:10805:23)
      at /Users/bhanumathi.s/dev/Customerfe/node_modules/@babel/parser/lib/index.js:10801:39
      at TypeScriptParserMixin.allowInAnd (/Users/bhanumathi.s/dev/Customerfe/node_modules/@babel/parser/lib/index.js:12450:16)
      at TypeScriptParserMixin.parseExpression (/Users/bhanumathi.s/dev/Customerfe/node_modules/@babel/parser/lib/index.js:10801:17)
      at TypeScriptParserMixin.parseReturnStatement (/Users/bhanumathi.s/dev/Customerfe/node_modules/@babel/parser/lib/index.js:13171:28)
      at TypeScriptParserMixin.parseStatementContent (/Users/bhanumathi.s/dev/Customerfe/node_modules/@babel/parser/lib/index.js:12827:21)
      at TypeScriptParserMixin.parseStatementContent (/Users/bhanumathi.s/dev/Customerfe/node_modules/@babel/parser/lib/index.js:9529:18)
      at TypeScriptParserMixin.parseStatementLike (/Users/bhanumathi.s/dev/Customerfe/node_modules/@babel/parser/lib/index.js:12796:17)
      at TypeScriptParserMixin.parseStatementListItem (/Users/bhanumathi.s/dev/Customerfe/node_modules/@babel/parser/lib/index.js:12776:17)
4:48:54 pm [vite] Internal server error: /Users/bhanumathi.s/dev/Customerfe/src/pages/CityPage.tsx: Unexpected token, expected "..." (799:13)

  797 |             className="reveal d1"
  798 |             style={{ fontSize: "clamp(30px,4.4vw,58px)" }}
> 799 |             {slug <LiveVenues slug={slug} /><LiveVenues slug={slug} /> <LiveVenues slug={slug} />}
      |              ^
  800 |             dangerouslySetInnerHTML={{ __html: closing.headingHtml ?? "" }}
  801 |           />
  802 |           <p className="lede on-dark reveal d2" style={{ margin: "18px auto 28px" }}>
  Plugin: vite:react-babel
  File: /Users/bhanumathi.s/dev/Customerfe/src/pages/CityPage.tsx:799:13
  797|              className="reveal d1"
  798|              style={{ fontSize: "clamp(30px,4.4vw,58px)" }}
  799|              {slug <LiveVenues slug={slug} /><LiveVenues slug={slug} /> <LiveVenues slug={slug} />}
     |               ^
  800|              dangerouslySetInnerHTML={{ __html: closing.headingHtml ?? "" }}
  801|            />
      at constructor (/Users/bhanumathi.s/dev/Customerfe/node_modules/@babel/parser/lib/index.js:369:19)
      at TypeScriptParserMixin.raise (/Users/bhanumathi.s/dev/Customerfe/node_modules/@babel/parser/lib/index.js:6620:19)
      at TypeScriptParserMixin.unexpected (/Users/bhanumathi.s/dev/Customerfe/node_modules/@babel/parser/lib/index.js:6640:16)
      at TypeScriptParserMixin.expect (/Users/bhanumathi.s/dev/Customerfe/node_modules/@babel/parser/lib/index.js:6920:12)
      at TypeScriptParserMixin.jsxParseAttribute (/Users/bhanumathi.s/dev/Customerfe/node_modules/@babel/parser/lib/index.js:4661:12)
      at TypeScriptParserMixin.jsxParseOpeningElementAfterName (/Users/bhanumathi.s/dev/Customerfe/node_modules/@babel/parser/lib/index.js:4683:28)
      at TypeScriptParserMixin.jsxParseOpeningElementAfterName (/Users/bhanumathi.s/dev/Customerfe/node_modules/@babel/parser/lib/index.js:10064:18)
      at TypeScriptParserMixin.jsxParseOpeningElementAt (/Users/bhanumathi.s/dev/Customerfe/node_modules/@babel/parser/lib/index.js:4678:17)
      at TypeScriptParserMixin.jsxParseElementAt (/Users/bhanumathi.s/dev/Customerfe/node_modules/@babel/parser/lib/index.js:4702:33)
      at TypeScriptParserMixin.jsxParseElementAt (/Users/bhanumathi.s/dev/Customerfe/node_modules/@babel/parser/lib/index.js:4714:32)
      at TypeScriptParserMixin.jsxParseElementAt (/Users/bhanumathi.s/dev/Customerfe/node_modules/@babel/parser/lib/index.js:4714:32)
      at TypeScriptParserMixin.jsxParseElementAt (/Users/bhanumathi.s/dev/Customerfe/node_modules/@babel/parser/lib/index.js:4714:32)
      at TypeScriptParserMixin.jsxParseElement (/Users/bhanumathi.s/dev/Customerfe/node_modules/@babel/parser/lib/index.js:4765:17)
      at TypeScriptParserMixin.parseExprAtom (/Users/bhanumathi.s/dev/Customerfe/node_modules/@babel/parser/lib/index.js:4775:19)
      at TypeScriptParserMixin.parseExprSubscripts (/Users/bhanumathi.s/dev/Customerfe/node_modules/@babel/parser/lib/index.js:11102:23)
      at TypeScriptParserMixin.parseUpdate (/Users/bhanumathi.s/dev/Customerfe/node_modules/@babel/parser/lib/index.js:11087:21)
      at TypeScriptParserMixin.parseMaybeUnary (/Users/bhanumathi.s/dev/Customerfe/node_modules/@babel/parser/lib/index.js:11067:23)
      at TypeScriptParserMixin.parseMaybeUnary (/Users/bhanumathi.s/dev/Customerfe/node_modules/@babel/parser/lib/index.js:9858:18)
      at TypeScriptParserMixin.parseMaybeUnaryOrPrivate (/Users/bhanumathi.s/dev/Customerfe/node_modules/@babel/parser/lib/index.js:10920:61)
      at TypeScriptParserMixin.parseExprOps (/Users/bhanumathi.s/dev/Customerfe/node_modules/@babel/parser/lib/index.js:10925:23)
      at TypeScriptParserMixin.parseMaybeConditional (/Users/bhanumathi.s/dev/Customerfe/node_modules/@babel/parser/lib/index.js:10902:23)
      at TypeScriptParserMixin.parseMaybeAssign (/Users/bhanumathi.s/dev/Customerfe/node_modules/@babel/parser/lib/index.js:10852:21)
      at /Users/bhanumathi.s/dev/Customerfe/node_modules/@babel/parser/lib/index.js:9796:39
      at TypeScriptParserMixin.tryParse (/Users/bhanumathi.s/dev/Customerfe/node_modules/@babel/parser/lib/index.js:6928:20)
      at TypeScriptParserMixin.parseMaybeAssign (/Users/bhanumathi.s/dev/Customerfe/node_modules/@babel/parser/lib/index.js:9796:18)
      at /Users/bhanumathi.s/dev/Customerfe/node_modules/@babel/parser/lib/index.js:10821:39
      at TypeScriptParserMixin.allowInAnd (/Users/bhanumathi.s/dev/Customerfe/node_modules/@babel/parser/lib/index.js:12455:12)
      at TypeScriptParserMixin.parseMaybeAssignAllowIn (/Users/bhanumathi.s/dev/Customerfe/node_modules/@babel/parser/lib/index.js:10821:17)
      at TypeScriptParserMixin.parseMaybeAssignAllowInOrVoidPattern (/Users/bhanumathi.s/dev/Customerfe/node_modules/@babel/parser/lib/index.js:12522:17)
      at TypeScriptParserMixin.parseParenAndDistinguishExpression (/Users/bhanumathi.s/dev/Customerfe/node_modules/@babel/parser/lib/index.js:11701:28)
      at TypeScriptParserMixin.parseExprAtom (/Users/bhanumathi.s/dev/Customerfe/node_modules/@babel/parser/lib/index.js:11357:23)
      at TypeScriptParserMixin.parseExprAtom (/Users/bhanumathi.s/dev/Customerfe/node_modules/@babel/parser/lib/index.js:4780:20)
      at TypeScriptParserMixin.parseExprSubscripts (/Users/bhanumathi.s/dev/Customerfe/node_modules/@babel/parser/lib/index.js:11102:23)
      at TypeScriptParserMixin.parseUpdate (/Users/bhanumathi.s/dev/Customerfe/node_modules/@babel/parser/lib/index.js:11087:21)
      at TypeScriptParserMixin.parseMaybeUnary (/Users/bhanumathi.s/dev/Customerfe/node_modules/@babel/parser/lib/index.js:11067:23)
      at TypeScriptParserMixin.parseMaybeUnary (/Users/bhanumathi.s/dev/Customerfe/node_modules/@babel/parser/lib/index.js:9858:18)
      at TypeScriptParserMixin.parseMaybeUnaryOrPrivate (/Users/bhanumathi.s/dev/Customerfe/node_modules/@babel/parser/lib/index.js:10920:61)
      at TypeScriptParserMixin.parseExprOps (/Users/bhanumathi.s/dev/Customerfe/node_modules/@babel/parser/lib/index.js:10925:23)
      at TypeScriptParserMixin.parseMaybeConditional (/Users/bhanumathi.s/dev/Customerfe/node_modules/@babel/parser/lib/index.js:10902:23)
      at TypeScriptParserMixin.parseMaybeAssign (/Users/bhanumathi.s/dev/Customerfe/node_modules/@babel/parser/lib/index.js:10852:21)
      at TypeScriptParserMixin.parseMaybeAssign (/Users/bhanumathi.s/dev/Customerfe/node_modules/@babel/parser/lib/index.js:9807:20)
      at TypeScriptParserMixin.parseExpressionBase (/Users/bhanumathi.s/dev/Customerfe/node_modules/@babel/parser/lib/index.js:10805:23)
      at /Users/bhanumathi.s/dev/Customerfe/node_modules/@babel/parser/lib/index.js:10801:39
      at TypeScriptParserMixin.allowInAnd (/Users/bhanumathi.s/dev/Customerfe/node_modules/@babel/parser/lib/index.js:12450:16)
      at TypeScriptParserMixin.parseExpression (/Users/bhanumathi.s/dev/Customerfe/node_modules/@babel/parser/lib/index.js:10801:17)
      at TypeScriptParserMixin.parseReturnStatement (/Users/bhanumathi.s/dev/Customerfe/node_modules/@babel/parser/lib/index.js:13171:28)
      at TypeScriptParserMixin.parseStatementContent (/Users/bhanumathi.s/dev/Customerfe/node_modules/@babel/parser/lib/index.js:12827:21)
      at TypeScriptParserMixin.parseStatementContent (/Users/bhanumathi.s/dev/Customerfe/node_modules/@babel/parser/lib/index.js:9529:18)
      at TypeScriptParserMixin.parseStatementLike (/Users/bhanumathi.s/dev/Customerfe/node_modules/@babel/parser/lib/index.js:12796:17)
      at TypeScriptParserMixin.parseStatementListItem (/Users/bhanumathi.s/dev/Customerfe/node_modules/@babel/parser/lib/index.js:12776:17)
4:50:44 pm [vite] hmr update /src/pages/CityPage.tsx
4:50:44 pm [vite] Internal server error: /Users/bhanumathi.s/dev/Customerfe/src/pages/CityPage.tsx: Unexpected token, expected "..." (799:13)

  797 |             className="reveal d1"
  798 |             style={{ fontSize: "clamp(30px,4.4vw,58px)" }}
> 799 |             {slug <LiveVenues slug={slug} /><LiveVenues slug={slug} /> <LiveVenues slug={slug} />}
      |              ^
  800 |             dangerouslySetInnerHTML={{ __html: closing.headingHtml ?? "" }}
  801 |           />
  802 |           <p className="lede on-dark reveal d2" style={{ margin: "18px auto 28px" }}>
  Plugin: vite:react-babel
  File: /Users/bhanumathi.s/dev/Customerfe/src/pages/CityPage.tsx:799:13
  797|              className="reveal d1"
  798|              style={{ fontSize: "clamp(30px,4.4vw,58px)" }}
  799|              {slug <LiveVenues slug={slug} /><LiveVenues slug={slug} /> <LiveVenues slug={slug} />}
     |               ^
  800|              dangerouslySetInnerHTML={{ __html: closing.headingHtml ?? "" }}
  801|            />
      at constructor (/Users/bhanumathi.s/dev/Customerfe/node_modules/@babel/parser/lib/index.js:369:19)
      at TypeScriptParserMixin.raise (/Users/bhanumathi.s/dev/Customerfe/node_modules/@babel/parser/lib/index.js:6620:19)
      at TypeScriptParserMixin.unexpected (/Users/bhanumathi.s/dev/Customerfe/node_modules/@babel/parser/lib/index.js:6640:16)
      at TypeScriptParserMixin.expect (/Users/bhanumathi.s/dev/Customerfe/node_modules/@babel/parser/lib/index.js:6920:12)
      at TypeScriptParserMixin.jsxParseAttribute (/Users/bhanumathi.s/dev/Customerfe/node_modules/@babel/parser/lib/index.js:4661:12)
      at TypeScriptParserMixin.jsxParseOpeningElementAfterName (/Users/bhanumathi.s/dev/Customerfe/node_modules/@babel/parser/lib/index.js:4683:28)
      at TypeScriptParserMixin.jsxParseOpeningElementAfterName (/Users/bhanumathi.s/dev/Customerfe/node_modules/@babel/parser/lib/index.js:10064:18)
      at TypeScriptParserMixin.jsxParseOpeningElementAt (/Users/bhanumathi.s/dev/Customerfe/node_modules/@babel/parser/lib/index.js:4678:17)
      at TypeScriptParserMixin.jsxParseElementAt (/Users/bhanumathi.s/dev/Customerfe/node_modules/@babel/parser/lib/index.js:4702:33)
      at TypeScriptParserMixin.jsxParseElementAt (/Users/bhanumathi.s/dev/Customerfe/node_modules/@babel/parser/lib/index.js:4714:32)
      at TypeScriptParserMixin.jsxParseElementAt (/Users/bhanumathi.s/dev/Customerfe/node_modules/@babel/parser/lib/index.js:4714:32)
      at TypeScriptParserMixin.jsxParseElementAt (/Users/bhanumathi.s/dev/Customerfe/node_modules/@babel/parser/lib/index.js:4714:32)
      at TypeScriptParserMixin.jsxParseElement (/Users/bhanumathi.s/dev/Customerfe/node_modules/@babel/parser/lib/index.js:4765:17)
      at TypeScriptParserMixin.parseExprAtom (/Users/bhanumathi.s/dev/Customerfe/node_modules/@babel/parser/lib/index.js:4775:19)
      at TypeScriptParserMixin.parseExprSubscripts (/Users/bhanumathi.s/dev/Customerfe/node_modules/@babel/parser/lib/index.js:11102:23)
      at TypeScriptParserMixin.parseUpdate (/Users/bhanumathi.s/dev/Customerfe/node_modules/@babel/parser/lib/index.js:11087:21)
      at TypeScriptParserMixin.parseMaybeUnary (/Users/bhanumathi.s/dev/Customerfe/node_modules/@babel/parser/lib/index.js:11067:23)
      at TypeScriptParserMixin.parseMaybeUnary (/Users/bhanumathi.s/dev/Customerfe/node_modules/@babel/parser/lib/index.js:9858:18)
      at TypeScriptParserMixin.parseMaybeUnaryOrPrivate (/Users/bhanumathi.s/dev/Customerfe/node_modules/@babel/parser/lib/index.js:10920:61)
      at TypeScriptParserMixin.parseExprOps (/Users/bhanumathi.s/dev/Customerfe/node_modules/@babel/parser/lib/index.js:10925:23)
      at TypeScriptParserMixin.parseMaybeConditional (/Users/bhanumathi.s/dev/Customerfe/node_modules/@babel/parser/lib/index.js:10902:23)
      at TypeScriptParserMixin.parseMaybeAssign (/Users/bhanumathi.s/dev/Customerfe/node_modules/@babel/parser/lib/index.js:10852:21)
      at /Users/bhanumathi.s/dev/Customerfe/node_modules/@babel/parser/lib/index.js:9796:39
      at TypeScriptParserMixin.tryParse (/Users/bhanumathi.s/dev/Customerfe/node_modules/@babel/parser/lib/index.js:6928:20)
      at TypeScriptParserMixin.parseMaybeAssign (/Users/bhanumathi.s/dev/Customerfe/node_modules/@babel/parser/lib/index.js:9796:18)
      at /Users/bhanumathi.s/dev/Customerfe/node_modules/@babel/parser/lib/index.js:10821:39
      at TypeScriptParserMixin.allowInAnd (/Users/bhanumathi.s/dev/Customerfe/node_modules/@babel/parser/lib/index.js:12455:12)
      at TypeScriptParserMixin.parseMaybeAssignAllowIn (/Users/bhanumathi.s/dev/Customerfe/node_modules/@babel/parser/lib/index.js:10821:17)
      at TypeScriptParserMixin.parseMaybeAssignAllowInOrVoidPattern (/Users/bhanumathi.s/dev/Customerfe/node_modules/@babel/parser/lib/index.js:12522:17)
      at TypeScriptParserMixin.parseParenAndDistinguishExpression (/Users/bhanumathi.s/dev/Customerfe/node_modules/@babel/parser/lib/index.js:11701:28)
      at TypeScriptParserMixin.parseExprAtom (/Users/bhanumathi.s/dev/Customerfe/node_modules/@babel/parser/lib/index.js:11357:23)
      at TypeScriptParserMixin.parseExprAtom (/Users/bhanumathi.s/dev/Customerfe/node_modules/@babel/parser/lib/index.js:4780:20)
      at TypeScriptParserMixin.parseExprSubscripts (/Users/bhanumathi.s/dev/Customerfe/node_modules/@babel/parser/lib/index.js:11102:23)
      at TypeScriptParserMixin.parseUpdate (/Users/bhanumathi.s/dev/Customerfe/node_modules/@babel/parser/lib/index.js:11087:21)
      at TypeScriptParserMixin.parseMaybeUnary (/Users/bhanumathi.s/dev/Customerfe/node_modules/@babel/parser/lib/index.js:11067:23)
      at TypeScriptParserMixin.parseMaybeUnary (/Users/bhanumathi.s/dev/Customerfe/node_modules/@babel/parser/lib/index.js:9858:18)
      at TypeScriptParserMixin.parseMaybeUnaryOrPrivate (/Users/bhanumathi.s/dev/Customerfe/node_modules/@babel/parser/lib/index.js:10920:61)
      at TypeScriptParserMixin.parseExprOps (/Users/bhanumathi.s/dev/Customerfe/node_modules/@babel/parser/lib/index.js:10925:23)
      at TypeScriptParserMixin.parseMaybeConditional (/Users/bhanumathi.s/dev/Customerfe/node_modules/@babel/parser/lib/index.js:10902:23)
      at TypeScriptParserMixin.parseMaybeAssign (/Users/bhanumathi.s/dev/Customerfe/node_modules/@babel/parser/lib/index.js:10852:21)
      at TypeScriptParserMixin.parseMaybeAssign (/Users/bhanumathi.s/dev/Customerfe/node_modules/@babel/parser/lib/index.js:9807:20)
      at TypeScriptParserMixin.parseExpressionBase (/Users/bhanumathi.s/dev/Customerfe/node_modules/@babel/parser/lib/index.js:10805:23)
      at /Users/bhanumathi.s/dev/Customerfe/node_modules/@babel/parser/lib/index.js:10801:39
      at TypeScriptParserMixin.allowInAnd (/Users/bhanumathi.s/dev/Customerfe/node_modules/@babel/parser/lib/index.js:12450:16)
      at TypeScriptParserMixin.parseExpression (/Users/bhanumathi.s/dev/Customerfe/node_modules/@babel/parser/lib/index.js:10801:17)
      at TypeScriptParserMixin.parseReturnStatement (/Users/bhanumathi.s/dev/Customerfe/node_modules/@babel/parser/lib/index.js:13171:28)
      at TypeScriptParserMixin.parseStatementContent (/Users/bhanumathi.s/dev/Customerfe/node_modules/@babel/parser/lib/index.js:12827:21)
      at TypeScriptParserMixin.parseStatementContent (/Users/bhanumathi.s/dev/Customerfe/node_modules/@babel/parser/lib/index.js:9529:18)
      at TypeScriptParserMixin.parseStatementLike (/Users/bhanumathi.s/dev/Customerfe/node_modules/@babel/parser/lib/index.js:12796:17)
      at TypeScriptParserMixin.parseStatementListItem (/Users/bhanumathi.s/dev/Customerfe/node_modules/@babel/parser/lib/index.js:12776:17)
4:50:44 pm [vite] Internal server error: /Users/bhanumathi.s/dev/Customerfe/src/pages/CityPage.tsx: Unexpected token, expected "..." (799:13)

  797 |             className="reveal d1"
  798 |             style={{ fontSize: "clamp(30px,4.4vw,58px)" }}
> 799 |             {slug <LiveVenues slug={slug} /><LiveVenues slug={slug} /> <LiveVenues slug={slug} />}
      |              ^
  800 |             dangerouslySetInnerHTML={{ __html: closing.headingHtml ?? "" }}
  801 |           />
  802 |           <p className="lede on-dark reveal d2" style={{ margin: "18px auto 28px" }}>
  Plugin: vite:react-babel
  File: /Users/bhanumathi.s/dev/Customerfe/src/pages/CityPage.tsx:799:13
  797|              className="reveal d1"
  798|              style={{ fontSize: "clamp(30px,4.4vw,58px)" }}
  799|              {slug <LiveVenues slug={slug} /><LiveVenues slug={slug} /> <LiveVenues slug={slug} />}
     |               ^
  800|              dangerouslySetInnerHTML={{ __html: closing.headingHtml ?? "" }}
  801|            />
      at constructor (/Users/bhanumathi.s/dev/Customerfe/node_modules/@babel/parser/lib/index.js:369:19)
      at TypeScriptParserMixin.raise (/Users/bhanumathi.s/dev/Customerfe/node_modules/@babel/parser/lib/index.js:6620:19)
      at TypeScriptParserMixin.unexpected (/Users/bhanumathi.s/dev/Customerfe/node_modules/@babel/parser/lib/index.js:6640:16)
      at TypeScriptParserMixin.expect (/Users/bhanumathi.s/dev/Customerfe/node_modules/@babel/parser/lib/index.js:6920:12)
      at TypeScriptParserMixin.jsxParseAttribute (/Users/bhanumathi.s/dev/Customerfe/node_modules/@babel/parser/lib/index.js:4661:12)
      at TypeScriptParserMixin.jsxParseOpeningElementAfterName (/Users/bhanumathi.s/dev/Customerfe/node_modules/@babel/parser/lib/index.js:4683:28)
      at TypeScriptParserMixin.jsxParseOpeningElementAfterName (/Users/bhanumathi.s/dev/Customerfe/node_modules/@babel/parser/lib/index.js:10064:18)
      at TypeScriptParserMixin.jsxParseOpeningElementAt (/Users/bhanumathi.s/dev/Customerfe/node_modules/@babel/parser/lib/index.js:4678:17)
      at TypeScriptParserMixin.jsxParseElementAt (/Users/bhanumathi.s/dev/Customerfe/node_modules/@babel/parser/lib/index.js:4702:33)
      at TypeScriptParserMixin.jsxParseElementAt (/Users/bhanumathi.s/dev/Customerfe/node_modules/@babel/parser/lib/index.js:4714:32)
      at TypeScriptParserMixin.jsxParseElementAt (/Users/bhanumathi.s/dev/Customerfe/node_modules/@babel/parser/lib/index.js:4714:32)
      at TypeScriptParserMixin.jsxParseElementAt (/Users/bhanumathi.s/dev/Customerfe/node_modules/@babel/parser/lib/index.js:4714:32)
      at TypeScriptParserMixin.jsxParseElement (/Users/bhanumathi.s/dev/Customerfe/node_modules/@babel/parser/lib/index.js:4765:17)
      at TypeScriptParserMixin.parseExprAtom (/Users/bhanumathi.s/dev/Customerfe/node_modules/@babel/parser/lib/index.js:4775:19)
      at TypeScriptParserMixin.parseExprSubscripts (/Users/bhanumathi.s/dev/Customerfe/node_modules/@babel/parser/lib/index.js:11102:23)
      at TypeScriptParserMixin.parseUpdate (/Users/bhanumathi.s/dev/Customerfe/node_modules/@babel/parser/lib/index.js:11087:21)
      at TypeScriptParserMixin.parseMaybeUnary (/Users/bhanumathi.s/dev/Customerfe/node_modules/@babel/parser/lib/index.js:11067:23)
      at TypeScriptParserMixin.parseMaybeUnary (/Users/bhanumathi.s/dev/Customerfe/node_modules/@babel/parser/lib/index.js:9858:18)
      at TypeScriptParserMixin.parseMaybeUnaryOrPrivate (/Users/bhanumathi.s/dev/Customerfe/node_modules/@babel/parser/lib/index.js:10920:61)
      at TypeScriptParserMixin.parseExprOps (/Users/bhanumathi.s/dev/Customerfe/node_modules/@babel/parser/lib/index.js:10925:23)
      at TypeScriptParserMixin.parseMaybeConditional (/Users/bhanumathi.s/dev/Customerfe/node_modules/@babel/parser/lib/index.js:10902:23)
      at TypeScriptParserMixin.parseMaybeAssign (/Users/bhanumathi.s/dev/Customerfe/node_modules/@babel/parser/lib/index.js:10852:21)
      at /Users/bhanumathi.s/dev/Customerfe/node_modules/@babel/parser/lib/index.js:9796:39
      at TypeScriptParserMixin.tryParse (/Users/bhanumathi.s/dev/Customerfe/node_modules/@babel/parser/lib/index.js:6928:20)
      at TypeScriptParserMixin.parseMaybeAssign (/Users/bhanumathi.s/dev/Customerfe/node_modules/@babel/parser/lib/index.js:9796:18)
      at /Users/bhanumathi.s/dev/Customerfe/node_modules/@babel/parser/lib/index.js:10821:39
      at TypeScriptParserMixin.allowInAnd (/Users/bhanumathi.s/dev/Customerfe/node_modules/@babel/parser/lib/index.js:12455:12)
      at TypeScriptParserMixin.parseMaybeAssignAllowIn (/Users/bhanumathi.s/dev/Customerfe/node_modules/@babel/parser/lib/index.js:10821:17)
      at TypeScriptParserMixin.parseMaybeAssignAllowInOrVoidPattern (/Users/bhanumathi.s/dev/Customerfe/node_modules/@babel/parser/lib/index.js:12522:17)
      at TypeScriptParserMixin.parseParenAndDistinguishExpression (/Users/bhanumathi.s/dev/Customerfe/node_modules/@babel/parser/lib/index.js:11701:28)
      at TypeScriptParserMixin.parseExprAtom (/Users/bhanumathi.s/dev/Customerfe/node_modules/@babel/parser/lib/index.js:11357:23)
      at TypeScriptParserMixin.parseExprAtom (/Users/bhanumathi.s/dev/Customerfe/node_modules/@babel/parser/lib/index.js:4780:20)
      at TypeScriptParserMixin.parseExprSubscripts (/Users/bhanumathi.s/dev/Customerfe/node_modules/@babel/parser/lib/index.js:11102:23)
      at TypeScriptParserMixin.parseUpdate (/Users/bhanumathi.s/dev/Customerfe/node_modules/@babel/parser/lib/index.js:11087:21)
      at TypeScriptParserMixin.parseMaybeUnary (/Users/bhanumathi.s/dev/Customerfe/node_modules/@babel/parser/lib/index.js:11067:23)
      at TypeScriptParserMixin.parseMaybeUnary (/Users/bhanumathi.s/dev/Customerfe/node_modules/@babel/parser/lib/index.js:9858:18)
      at TypeScriptParserMixin.parseMaybeUnaryOrPrivate (/Users/bhanumathi.s/dev/Customerfe/node_modules/@babel/parser/lib/index.js:10920:61)
      at TypeScriptParserMixin.parseExprOps (/Users/bhanumathi.s/dev/Customerfe/node_modules/@babel/parser/lib/index.js:10925:23)
      at TypeScriptParserMixin.parseMaybeConditional (/Users/bhanumathi.s/dev/Customerfe/node_modules/@babel/parser/lib/index.js:10902:23)
      at TypeScriptParserMixin.parseMaybeAssign (/Users/bhanumathi.s/dev/Customerfe/node_modules/@babel/parser/lib/index.js:10852:21)
      at TypeScriptParserMixin.parseMaybeAssign (/Users/bhanumathi.s/dev/Customerfe/node_modules/@babel/parser/lib/index.js:9807:20)
      at TypeScriptParserMixin.parseExpressionBase (/Users/bhanumathi.s/dev/Customerfe/node_modules/@babel/parser/lib/index.js:10805:23)
      at /Users/bhanumathi.s/dev/Customerfe/node_modules/@babel/parser/lib/index.js:10801:39
      at TypeScriptParserMixin.allowInAnd (/Users/bhanumathi.s/dev/Customerfe/node_modules/@babel/parser/lib/index.js:12450:16)
      at TypeScriptParserMixin.parseExpression (/Users/bhanumathi.s/dev/Customerfe/node_modules/@babel/parser/lib/index.js:10801:17)
      at TypeScriptParserMixin.parseReturnStatement (/Users/bhanumathi.s/dev/Customerfe/node_modules/@babel/parser/lib/index.js:13171:28)
      at TypeScriptParserMixin.parseStatementContent (/Users/bhanumathi.s/dev/Customerfe/node_modules/@babel/parser/lib/index.js:12827:21)
      at TypeScriptParserMixin.parseStatementContent (/Users/bhanumathi.s/dev/Customerfe/node_modules/@babel/parser/lib/index.js:9529:18)
      at TypeScriptParserMixin.parseStatementLike (/Users/bhanumathi.s/dev/Customerfe/node_modules/@babel/parser/lib/index.js:12796:17)
      at TypeScriptParserMixin.parseStatementListItem (/Users/bhanumathi.s/dev/Customerfe/node_modules/@babel/parser/lib/index.js:12776:17)
4:50:44 pm [vite] Internal server error: /Users/bhanumathi.s/dev/Customerfe/src/pages/CityPage.tsx: Unexpected token, expected "..." (799:13)

  797 |             className="reveal d1"
  798 |             style={{ fontSize: "clamp(30px,4.4vw,58px)" }}
> 799 |             {slug <LiveVenues slug={slug} /><LiveVenues slug={slug} /> <LiveVenues slug={slug} />}
      |              ^
  800 |             dangerouslySetInnerHTML={{ __html: closing.headingHtml ?? "" }}
  801 |           />
  802 |           <p className="lede on-dark reveal d2" style={{ margin: "18px auto 28px" }}>
  Plugin: vite:react-babel
  File: /Users/bhanumathi.s/dev/Customerfe/src/pages/CityPage.tsx:799:13
  797|              className="reveal d1"
  798|              style={{ fontSize: "clamp(30px,4.4vw,58px)" }}
  799|              {slug <LiveVenues slug={slug} /><LiveVenues slug={slug} /> <LiveVenues slug={slug} />}
     |               ^
  800|              dangerouslySetInnerHTML={{ __html: closing.headingHtml ?? "" }}
  801|            />
      at constructor (/Users/bhanumathi.s/dev/Customerfe/node_modules/@babel/parser/lib/index.js:369:19)
      at TypeScriptParserMixin.raise (/Users/bhanumathi.s/dev/Customerfe/node_modules/@babel/parser/lib/index.js:6620:19)
      at TypeScriptParserMixin.unexpected (/Users/bhanumathi.s/dev/Customerfe/node_modules/@babel/parser/lib/index.js:6640:16)
      at TypeScriptParserMixin.expect (/Users/bhanumathi.s/dev/Customerfe/node_modules/@babel/parser/lib/index.js:6920:12)
      at TypeScriptParserMixin.jsxParseAttribute (/Users/bhanumathi.s/dev/Customerfe/node_modules/@babel/parser/lib/index.js:4661:12)
      at TypeScriptParserMixin.jsxParseOpeningElementAfterName (/Users/bhanumathi.s/dev/Customerfe/node_modules/@babel/parser/lib/index.js:4683:28)
      at TypeScriptParserMixin.jsxParseOpeningElementAfterName (/Users/bhanumathi.s/dev/Customerfe/node_modules/@babel/parser/lib/index.js:10064:18)
      at TypeScriptParserMixin.jsxParseOpeningElementAt (/Users/bhanumathi.s/dev/Customerfe/node_modules/@babel/parser/lib/index.js:4678:17)
      at TypeScriptParserMixin.jsxParseElementAt (/Users/bhanumathi.s/dev/Customerfe/node_modules/@babel/parser/lib/index.js:4702:33)
      at TypeScriptParserMixin.jsxParseElementAt (/Users/bhanumathi.s/dev/Customerfe/node_modules/@babel/parser/lib/index.js:4714:32)
      at TypeScriptParserMixin.jsxParseElementAt (/Users/bhanumathi.s/dev/Customerfe/node_modules/@babel/parser/lib/index.js:4714:32)
      at TypeScriptParserMixin.jsxParseElementAt (/Users/bhanumathi.s/dev/Customerfe/node_modules/@babel/parser/lib/index.js:4714:32)
      at TypeScriptParserMixin.jsxParseElement (/Users/bhanumathi.s/dev/Customerfe/node_modules/@babel/parser/lib/index.js:4765:17)
      at TypeScriptParserMixin.parseExprAtom (/Users/bhanumathi.s/dev/Customerfe/node_modules/@babel/parser/lib/index.js:4775:19)
      at TypeScriptParserMixin.parseExprSubscripts (/Users/bhanumathi.s/dev/Customerfe/node_modules/@babel/parser/lib/index.js:11102:23)
      at TypeScriptParserMixin.parseUpdate (/Users/bhanumathi.s/dev/Customerfe/node_modules/@babel/parser/lib/index.js:11087:21)
      at TypeScriptParserMixin.parseMaybeUnary (/Users/bhanumathi.s/dev/Customerfe/node_modules/@babel/parser/lib/index.js:11067:23)
      at TypeScriptParserMixin.parseMaybeUnary (/Users/bhanumathi.s/dev/Customerfe/node_modules/@babel/parser/lib/index.js:9858:18)
      at TypeScriptParserMixin.parseMaybeUnaryOrPrivate (/Users/bhanumathi.s/dev/Customerfe/node_modules/@babel/parser/lib/index.js:10920:61)
      at TypeScriptParserMixin.parseExprOps (/Users/bhanumathi.s/dev/Customerfe/node_modules/@babel/parser/lib/index.js:10925:23)
      at TypeScriptParserMixin.parseMaybeConditional (/Users/bhanumathi.s/dev/Customerfe/node_modules/@babel/parser/lib/index.js:10902:23)
      at TypeScriptParserMixin.parseMaybeAssign (/Users/bhanumathi.s/dev/Customerfe/node_modules/@babel/parser/lib/index.js:10852:21)
      at /Users/bhanumathi.s/dev/Customerfe/node_modules/@babel/parser/lib/index.js:9796:39
      at TypeScriptParserMixin.tryParse (/Users/bhanumathi.s/dev/Customerfe/node_modules/@babel/parser/lib/index.js:6928:20)
      at TypeScriptParserMixin.parseMaybeAssign (/Users/bhanumathi.s/dev/Customerfe/node_modules/@babel/parser/lib/index.js:9796:18)
      at /Users/bhanumathi.s/dev/Customerfe/node_modules/@babel/parser/lib/index.js:10821:39
      at TypeScriptParserMixin.allowInAnd (/Users/bhanumathi.s/dev/Customerfe/node_modules/@babel/parser/lib/index.js:12455:12)
      at TypeScriptParserMixin.parseMaybeAssignAllowIn (/Users/bhanumathi.s/dev/Customerfe/node_modules/@babel/parser/lib/index.js:10821:17)
      at TypeScriptParserMixin.parseMaybeAssignAllowInOrVoidPattern (/Users/bhanumathi.s/dev/Customerfe/node_modules/@babel/parser/lib/index.js:12522:17)
      at TypeScriptParserMixin.parseParenAndDistinguishExpression (/Users/bhanumathi.s/dev/Customerfe/node_modules/@babel/parser/lib/index.js:11701:28)
      at TypeScriptParserMixin.parseExprAtom (/Users/bhanumathi.s/dev/Customerfe/node_modules/@babel/parser/lib/index.js:11357:23)
      at TypeScriptParserMixin.parseExprAtom (/Users/bhanumathi.s/dev/Customerfe/node_modules/@babel/parser/lib/index.js:4780:20)
      at TypeScriptParserMixin.parseExprSubscripts (/Users/bhanumathi.s/dev/Customerfe/node_modules/@babel/parser/lib/index.js:11102:23)
      at TypeScriptParserMixin.parseUpdate (/Users/bhanumathi.s/dev/Customerfe/node_modules/@babel/parser/lib/index.js:11087:21)
      at TypeScriptParserMixin.parseMaybeUnary (/Users/bhanumathi.s/dev/Customerfe/node_modules/@babel/parser/lib/index.js:11067:23)
      at TypeScriptParserMixin.parseMaybeUnary (/Users/bhanumathi.s/dev/Customerfe/node_modules/@babel/parser/lib/index.js:9858:18)
      at TypeScriptParserMixin.parseMaybeUnaryOrPrivate (/Users/bhanumathi.s/dev/Customerfe/node_modules/@babel/parser/lib/index.js:10920:61)
      at TypeScriptParserMixin.parseExprOps (/Users/bhanumathi.s/dev/Customerfe/node_modules/@babel/parser/lib/index.js:10925:23)
      at TypeScriptParserMixin.parseMaybeConditional (/Users/bhanumathi.s/dev/Customerfe/node_modules/@babel/parser/lib/index.js:10902:23)
      at TypeScriptParserMixin.parseMaybeAssign (/Users/bhanumathi.s/dev/Customerfe/node_modules/@babel/parser/lib/index.js:10852:21)
      at TypeScriptParserMixin.parseMaybeAssign (/Users/bhanumathi.s/dev/Customerfe/node_modules/@babel/parser/lib/index.js:9807:20)
      at TypeScriptParserMixin.parseExpressionBase (/Users/bhanumathi.s/dev/Customerfe/node_modules/@babel/parser/lib/index.js:10805:23)
      at /Users/bhanumathi.s/dev/Customerfe/node_modules/@babel/parser/lib/index.js:10801:39
      at TypeScriptParserMixin.allowInAnd (/Users/bhanumathi.s/dev/Customerfe/node_modules/@babel/parser/lib/index.js:12450:16)
      at TypeScriptParserMixin.parseExpression (/Users/bhanumathi.s/dev/Customerfe/node_modules/@babel/parser/lib/index.js:10801:17)
      at TypeScriptParserMixin.parseReturnStatement (/Users/bhanumathi.s/dev/Customerfe/node_modules/@babel/parser/lib/index.js:13171:28)
      at TypeScriptParserMixin.parseStatementContent (/Users/bhanumathi.s/dev/Customerfe/node_modules/@babel/parser/lib/index.js:12827:21)
      at TypeScriptParserMixin.parseStatementContent (/Users/bhanumathi.s/dev/Customerfe/node_modules/@babel/parser/lib/index.js:9529:18)
      at TypeScriptParserMixin.parseStatementLike (/Users/bhanumathi.s/dev/Customerfe/node_modules/@babel/parser/lib/index.js:12796:17)
      at TypeScriptParserMixin.parseStatementListItem (/Users/bhanumathi.s/dev/Customerfe/node_modules/@babel/parser/lib/index.js:12776:17)
4:50:44 pm [vite] Internal server error: /Users/bhanumathi.s/dev/Customerfe/src/pages/CityPage.tsx: Unexpected token, expected "..." (799:13)

  797 |             className="reveal d1"
  798 |             style={{ fontSize: "clamp(30px,4.4vw,58px)" }}
> 799 |             {slug <LiveVenues slug={slug} /><LiveVenues slug={slug} /> <LiveVenues slug={slug} />}
      |              ^
  800 |             dangerouslySetInnerHTML={{ __html: closing.headingHtml ?? "" }}
  801 |           />
  802 |           <p className="lede on-dark reveal d2" style={{ margin: "18px auto 28px" }}>
  Plugin: vite:react-babel
  File: /Users/bhanumathi.s/dev/Customerfe/src/pages/CityPage.tsx:799:13
  797|              className="reveal d1"
  798|              style={{ fontSize: "clamp(30px,4.4vw,58px)" }}
  799|              {slug <LiveVenues slug={slug} /><LiveVenues slug={slug} /> <LiveVenues slug={slug} />}
     |               ^
  800|              dangerouslySetInnerHTML={{ __html: closing.headingHtml ?? "" }}
  801|            />
      at constructor (/Users/bhanumathi.s/dev/Customerfe/node_modules/@babel/parser/lib/index.js:369:19)
      at TypeScriptParserMixin.raise (/Users/bhanumathi.s/dev/Customerfe/node_modules/@babel/parser/lib/index.js:6620:19)
      at TypeScriptParserMixin.unexpected (/Users/bhanumathi.s/dev/Customerfe/node_modules/@babel/parser/lib/index.js:6640:16)
      at TypeScriptParserMixin.expect (/Users/bhanumathi.s/dev/Customerfe/node_modules/@babel/parser/lib/index.js:6920:12)
      at TypeScriptParserMixin.jsxParseAttribute (/Users/bhanumathi.s/dev/Customerfe/node_modules/@babel/parser/lib/index.js:4661:12)
      at TypeScriptParserMixin.jsxParseOpeningElementAfterName (/Users/bhanumathi.s/dev/Customerfe/node_modules/@babel/parser/lib/index.js:4683:28)
      at TypeScriptParserMixin.jsxParseOpeningElementAfterName (/Users/bhanumathi.s/dev/Customerfe/node_modules/@babel/parser/lib/index.js:10064:18)
      at TypeScriptParserMixin.jsxParseOpeningElementAt (/Users/bhanumathi.s/dev/Customerfe/node_modules/@babel/parser/lib/index.js:4678:17)
      at TypeScriptParserMixin.jsxParseElementAt (/Users/bhanumathi.s/dev/Customerfe/node_modules/@babel/parser/lib/index.js:4702:33)
      at TypeScriptParserMixin.jsxParseElementAt (/Users/bhanumathi.s/dev/Customerfe/node_modules/@babel/parser/lib/index.js:4714:32)
      at TypeScriptParserMixin.jsxParseElementAt (/Users/bhanumathi.s/dev/Customerfe/node_modules/@babel/parser/lib/index.js:4714:32)
      at TypeScriptParserMixin.jsxParseElementAt (/Users/bhanumathi.s/dev/Customerfe/node_modules/@babel/parser/lib/index.js:4714:32)
      at TypeScriptParserMixin.jsxParseElement (/Users/bhanumathi.s/dev/Customerfe/node_modules/@babel/parser/lib/index.js:4765:17)
      at TypeScriptParserMixin.parseExprAtom (/Users/bhanumathi.s/dev/Customerfe/node_modules/@babel/parser/lib/index.js:4775:19)
      at TypeScriptParserMixin.parseExprSubscripts (/Users/bhanumathi.s/dev/Customerfe/node_modules/@babel/parser/lib/index.js:11102:23)
      at TypeScriptParserMixin.parseUpdate (/Users/bhanumathi.s/dev/Customerfe/node_modules/@babel/parser/lib/index.js:11087:21)
      at TypeScriptParserMixin.parseMaybeUnary (/Users/bhanumathi.s/dev/Customerfe/node_modules/@babel/parser/lib/index.js:11067:23)
      at TypeScriptParserMixin.parseMaybeUnary (/Users/bhanumathi.s/dev/Customerfe/node_modules/@babel/parser/lib/index.js:9858:18)
      at TypeScriptParserMixin.parseMaybeUnaryOrPrivate (/Users/bhanumathi.s/dev/Customerfe/node_modules/@babel/parser/lib/index.js:10920:61)
      at TypeScriptParserMixin.parseExprOps (/Users/bhanumathi.s/dev/Customerfe/node_modules/@babel/parser/lib/index.js:10925:23)
      at TypeScriptParserMixin.parseMaybeConditional (/Users/bhanumathi.s/dev/Customerfe/node_modules/@babel/parser/lib/index.js:10902:23)
      at TypeScriptParserMixin.parseMaybeAssign (/Users/bhanumathi.s/dev/Customerfe/node_modules/@babel/parser/lib/index.js:10852:21)
      at /Users/bhanumathi.s/dev/Customerfe/node_modules/@babel/parser/lib/index.js:9796:39
      at TypeScriptParserMixin.tryParse (/Users/bhanumathi.s/dev/Customerfe/node_modules/@babel/parser/lib/index.js:6928:20)
      at TypeScriptParserMixin.parseMaybeAssign (/Users/bhanumathi.s/dev/Customerfe/node_modules/@babel/parser/lib/index.js:9796:18)
      at /Users/bhanumathi.s/dev/Customerfe/node_modules/@babel/parser/lib/index.js:10821:39
      at TypeScriptParserMixin.allowInAnd (/Users/bhanumathi.s/dev/Customerfe/node_modules/@babel/parser/lib/index.js:12455:12)
      at TypeScriptParserMixin.parseMaybeAssignAllowIn (/Users/bhanumathi.s/dev/Customerfe/node_modules/@babel/parser/lib/index.js:10821:17)
      at TypeScriptParserMixin.parseMaybeAssignAllowInOrVoidPattern (/Users/bhanumathi.s/dev/Customerfe/node_modules/@babel/parser/lib/index.js:12522:17)
      at TypeScriptParserMixin.parseParenAndDistinguishExpression (/Users/bhanumathi.s/dev/Customerfe/node_modules/@babel/parser/lib/index.js:11701:28)
      at TypeScriptParserMixin.parseExprAtom (/Users/bhanumathi.s/dev/Customerfe/node_modules/@babel/parser/lib/index.js:11357:23)
      at TypeScriptParserMixin.parseExprAtom (/Users/bhanumathi.s/dev/Customerfe/node_modules/@babel/parser/lib/index.js:4780:20)
      at TypeScriptParserMixin.parseExprSubscripts (/Users/bhanumathi.s/dev/Customerfe/node_modules/@babel/parser/lib/index.js:11102:23)
      at TypeScriptParserMixin.parseUpdate (/Users/bhanumathi.s/dev/Customerfe/node_modules/@babel/parser/lib/index.js:11087:21)
      at TypeScriptParserMixin.parseMaybeUnary (/Users/bhanumathi.s/dev/Customerfe/node_modules/@babel/parser/lib/index.js:11067:23)
      at TypeScriptParserMixin.parseMaybeUnary (/Users/bhanumathi.s/dev/Customerfe/node_modules/@babel/parser/lib/index.js:9858:18)
      at TypeScriptParserMixin.parseMaybeUnaryOrPrivate (/Users/bhanumathi.s/dev/Customerfe/node_modules/@babel/parser/lib/index.js:10920:61)
      at TypeScriptParserMixin.parseExprOps (/Users/bhanumathi.s/dev/Customerfe/node_modules/@babel/parser/lib/index.js:10925:23)
      at TypeScriptParserMixin.parseMaybeConditional (/Users/bhanumathi.s/dev/Customerfe/node_modules/@babel/parser/lib/index.js:10902:23)
      at TypeScriptParserMixin.parseMaybeAssign (/Users/bhanumathi.s/dev/Customerfe/node_modules/@babel/parser/lib/index.js:10852:21)
      at TypeScriptParserMixin.parseMaybeAssign (/Users/bhanumathi.s/dev/Customerfe/node_modules/@babel/parser/lib/index.js:9807:20)
      at TypeScriptParserMixin.parseExpressionBase (/Users/bhanumathi.s/dev/Customerfe/node_modules/@babel/parser/lib/index.js:10805:23)
      at /Users/bhanumathi.s/dev/Customerfe/node_modules/@babel/parser/lib/index.js:10801:39
      at TypeScriptParserMixin.allowInAnd (/Users/bhanumathi.s/dev/Customerfe/node_modules/@babel/parser/lib/index.js:12450:16)
      at TypeScriptParserMixin.parseExpression (/Users/bhanumathi.s/dev/Customerfe/node_modules/@babel/parser/lib/index.js:10801:17)
      at TypeScriptParserMixin.parseReturnStatement (/Users/bhanumathi.s/dev/Customerfe/node_modules/@babel/parser/lib/index.js:13171:28)
      at TypeScriptParserMixin.parseStatementContent (/Users/bhanumathi.s/dev/Customerfe/node_modules/@babel/parser/lib/index.js:12827:21)
      at TypeScriptParserMixin.parseStatementContent (/Users/bhanumathi.s/dev/Customerfe/node_modules/@babel/parser/lib/index.js:9529:18)
      at TypeScriptParserMixin.parseStatementLike (/Users/bhanumathi.s/dev/Customerfe/node_modules/@babel/parser/lib/index.js:12796:17)
      at TypeScriptParserMixin.parseStatementListItem (/Users/bhanumathi.s/dev/Customerfe/node_modules/@babel/parser/lib/index.js:12776:17)
4:50:44 pm [vite] Internal server error: /Users/bhanumathi.s/dev/Customerfe/src/pages/CityPage.tsx: Unexpected token, expected "..." (799:13)

  797 |             className="reveal d1"
  798 |             style={{ fontSize: "clamp(30px,4.4vw,58px)" }}
> 799 |             {slug <LiveVenues slug={slug} /><LiveVenues slug={slug} /> <LiveVenues slug={slug} />}
      |              ^
  800 |             dangerouslySetInnerHTML={{ __html: closing.headingHtml ?? "" }}
  801 |           />
  802 |           <p className="lede on-dark reveal d2" style={{ margin: "18px auto 28px" }}>
  Plugin: vite:react-babel
  File: /Users/bhanumathi.s/dev/Customerfe/src/pages/CityPage.tsx:799:13
  797|              className="reveal d1"
  798|              style={{ fontSize: "clamp(30px,4.4vw,58px)" }}
  799|              {slug <LiveVenues slug={slug} /><LiveVenues slug={slug} /> <LiveVenues slug={slug} />}
     |               ^
  800|              dangerouslySetInnerHTML={{ __html: closing.headingHtml ?? "" }}
  801|            />
      at constructor (/Users/bhanumathi.s/dev/Customerfe/node_modules/@babel/parser/lib/index.js:369:19)
      at TypeScriptParserMixin.raise (/Users/bhanumathi.s/dev/Customerfe/node_modules/@babel/parser/lib/index.js:6620:19)
      at TypeScriptParserMixin.unexpected (/Users/bhanumathi.s/dev/Customerfe/node_modules/@babel/parser/lib/index.js:6640:16)
      at TypeScriptParserMixin.expect (/Users/bhanumathi.s/dev/Customerfe/node_modules/@babel/parser/lib/index.js:6920:12)
      at TypeScriptParserMixin.jsxParseAttribute (/Users/bhanumathi.s/dev/Customerfe/node_modules/@babel/parser/lib/index.js:4661:12)
      at TypeScriptParserMixin.jsxParseOpeningElementAfterName (/Users/bhanumathi.s/dev/Customerfe/node_modules/@babel/parser/lib/index.js:4683:28)
      at TypeScriptParserMixin.jsxParseOpeningElementAfterName (/Users/bhanumathi.s/dev/Customerfe/node_modules/@babel/parser/lib/index.js:10064:18)
      at TypeScriptParserMixin.jsxParseOpeningElementAt (/Users/bhanumathi.s/dev/Customerfe/node_modules/@babel/parser/lib/index.js:4678:17)
      at TypeScriptParserMixin.jsxParseElementAt (/Users/bhanumathi.s/dev/Customerfe/node_modules/@babel/parser/lib/index.js:4702:33)
      at TypeScriptParserMixin.jsxParseElementAt (/Users/bhanumathi.s/dev/Customerfe/node_modules/@babel/parser/lib/index.js:4714:32)
      at TypeScriptParserMixin.jsxParseElementAt (/Users/bhanumathi.s/dev/Customerfe/node_modules/@babel/parser/lib/index.js:4714:32)
      at TypeScriptParserMixin.jsxParseElementAt (/Users/bhanumathi.s/dev/Customerfe/node_modules/@babel/parser/lib/index.js:4714:32)
      at TypeScriptParserMixin.jsxParseElement (/Users/bhanumathi.s/dev/Customerfe/node_modules/@babel/parser/lib/index.js:4765:17)
      at TypeScriptParserMixin.parseExprAtom (/Users/bhanumathi.s/dev/Customerfe/node_modules/@babel/parser/lib/index.js:4775:19)
      at TypeScriptParserMixin.parseExprSubscripts (/Users/bhanumathi.s/dev/Customerfe/node_modules/@babel/parser/lib/index.js:11102:23)
      at TypeScriptParserMixin.parseUpdate (/Users/bhanumathi.s/dev/Customerfe/node_modules/@babel/parser/lib/index.js:11087:21)
      at TypeScriptParserMixin.parseMaybeUnary (/Users/bhanumathi.s/dev/Customerfe/node_modules/@babel/parser/lib/index.js:11067:23)
      at TypeScriptParserMixin.parseMaybeUnary (/Users/bhanumathi.s/dev/Customerfe/node_modules/@babel/parser/lib/index.js:9858:18)
      at TypeScriptParserMixin.parseMaybeUnaryOrPrivate (/Users/bhanumathi.s/dev/Customerfe/node_modules/@babel/parser/lib/index.js:10920:61)
      at TypeScriptParserMixin.parseExprOps (/Users/bhanumathi.s/dev/Customerfe/node_modules/@babel/parser/lib/index.js:10925:23)
      at TypeScriptParserMixin.parseMaybeConditional (/Users/bhanumathi.s/dev/Customerfe/node_modules/@babel/parser/lib/index.js:10902:23)
      at TypeScriptParserMixin.parseMaybeAssign (/Users/bhanumathi.s/dev/Customerfe/node_modules/@babel/parser/lib/index.js:10852:21)
      at /Users/bhanumathi.s/dev/Customerfe/node_modules/@babel/parser/lib/index.js:9796:39
      at TypeScriptParserMixin.tryParse (/Users/bhanumathi.s/dev/Customerfe/node_modules/@babel/parser/lib/index.js:6928:20)
      at TypeScriptParserMixin.parseMaybeAssign (/Users/bhanumathi.s/dev/Customerfe/node_modules/@babel/parser/lib/index.js:9796:18)
      at /Users/bhanumathi.s/dev/Customerfe/node_modules/@babel/parser/lib/index.js:10821:39
      at TypeScriptParserMixin.allowInAnd (/Users/bhanumathi.s/dev/Customerfe/node_modules/@babel/parser/lib/index.js:12455:12)
      at TypeScriptParserMixin.parseMaybeAssignAllowIn (/Users/bhanumathi.s/dev/Customerfe/node_modules/@babel/parser/lib/index.js:10821:17)
      at TypeScriptParserMixin.parseMaybeAssignAllowInOrVoidPattern (/Users/bhanumathi.s/dev/Customerfe/node_modules/@babel/parser/lib/index.js:12522:17)
      at TypeScriptParserMixin.parseParenAndDistinguishExpression (/Users/bhanumathi.s/dev/Customerfe/node_modules/@babel/parser/lib/index.js:11701:28)
      at TypeScriptParserMixin.parseExprAtom (/Users/bhanumathi.s/dev/Customerfe/node_modules/@babel/parser/lib/index.js:11357:23)
      at TypeScriptParserMixin.parseExprAtom (/Users/bhanumathi.s/dev/Customerfe/node_modules/@babel/parser/lib/index.js:4780:20)
      at TypeScriptParserMixin.parseExprSubscripts (/Users/bhanumathi.s/dev/Customerfe/node_modules/@babel/parser/lib/index.js:11102:23)
      at TypeScriptParserMixin.parseUpdate (/Users/bhanumathi.s/dev/Customerfe/node_modules/@babel/parser/lib/index.js:11087:21)
      at TypeScriptParserMixin.parseMaybeUnary (/Users/bhanumathi.s/dev/Customerfe/node_modules/@babel/parser/lib/index.js:11067:23)
      at TypeScriptParserMixin.parseMaybeUnary (/Users/bhanumathi.s/dev/Customerfe/node_modules/@babel/parser/lib/index.js:9858:18)
      at TypeScriptParserMixin.parseMaybeUnaryOrPrivate (/Users/bhanumathi.s/dev/Customerfe/node_modules/@babel/parser/lib/index.js:10920:61)
      at TypeScriptParserMixin.parseExprOps (/Users/bhanumathi.s/dev/Customerfe/node_modules/@babel/parser/lib/index.js:10925:23)
      at TypeScriptParserMixin.parseMaybeConditional (/Users/bhanumathi.s/dev/Customerfe/node_modules/@babel/parser/lib/index.js:10902:23)
      at TypeScriptParserMixin.parseMaybeAssign (/Users/bhanumathi.s/dev/Customerfe/node_modules/@babel/parser/lib/index.js:10852:21)
      at TypeScriptParserMixin.parseMaybeAssign (/Users/bhanumathi.s/dev/Customerfe/node_modules/@babel/parser/lib/index.js:9807:20)
      at TypeScriptParserMixin.parseExpressionBase (/Users/bhanumathi.s/dev/Customerfe/node_modules/@babel/parser/lib/index.js:10805:23)
      at /Users/bhanumathi.s/dev/Customerfe/node_modules/@babel/parser/lib/index.js:10801:39
      at TypeScriptParserMixin.allowInAnd (/Users/bhanumathi.s/dev/Customerfe/node_modules/@babel/parser/lib/index.js:12450:16)
      at TypeScriptParserMixin.parseExpression (/Users/bhanumathi.s/dev/Customerfe/node_modules/@babel/parser/lib/index.js:10801:17)
      at TypeScriptParserMixin.parseReturnStatement (/Users/bhanumathi.s/dev/Customerfe/node_modules/@babel/parser/lib/index.js:13171:28)
      at TypeScriptParserMixin.parseStatementContent (/Users/bhanumathi.s/dev/Customerfe/node_modules/@babel/parser/lib/index.js:12827:21)
      at TypeScriptParserMixin.parseStatementContent (/Users/bhanumathi.s/dev/Customerfe/node_modules/@babel/parser/lib/index.js:9529:18)
      at TypeScriptParserMixin.parseStatementLike (/Users/bhanumathi.s/dev/Customerfe/node_modules/@babel/parser/lib/index.js:12796:17)
      at TypeScriptParserMixin.parseStatementListItem (/Users/bhanumathi.s/dev/Customerfe/node_modules/@babel/parser/lib/index.js:12776:17)
4:50:44 pm [vite] Internal server error: /Users/bhanumathi.s/dev/Customerfe/src/pages/CityPage.tsx: Unexpected token, expected "..." (799:13)

  797 |             className="reveal d1"
  798 |             style={{ fontSize: "clamp(30px,4.4vw,58px)" }}
> 799 |             {slug <LiveVenues slug={slug} /><LiveVenues slug={slug} /> <LiveVenues slug={slug} />}
      |              ^
  800 |             dangerouslySetInnerHTML={{ __html: closing.headingHtml ?? "" }}
  801 |           />
  802 |           <p className="lede on-dark reveal d2" style={{ margin: "18px auto 28px" }}>
  Plugin: vite:react-babel
  File: /Users/bhanumathi.s/dev/Customerfe/src/pages/CityPage.tsx:799:13
  797|              className="reveal d1"
  798|              style={{ fontSize: "clamp(30px,4.4vw,58px)" }}
  799|              {slug <LiveVenues slug={slug} /><LiveVenues slug={slug} /> <LiveVenues slug={slug} />}
     |               ^
  800|              dangerouslySetInnerHTML={{ __html: closing.headingHtml ?? "" }}
  801|            />
      at constructor (/Users/bhanumathi.s/dev/Customerfe/node_modules/@babel/parser/lib/index.js:369:19)
      at TypeScriptParserMixin.raise (/Users/bhanumathi.s/dev/Customerfe/node_modules/@babel/parser/lib/index.js:6620:19)
      at TypeScriptParserMixin.unexpected (/Users/bhanumathi.s/dev/Customerfe/node_modules/@babel/parser/lib/index.js:6640:16)
      at TypeScriptParserMixin.expect (/Users/bhanumathi.s/dev/Customerfe/node_modules/@babel/parser/lib/index.js:6920:12)
      at TypeScriptParserMixin.jsxParseAttribute (/Users/bhanumathi.s/dev/Customerfe/node_modules/@babel/parser/lib/index.js:4661:12)
      at TypeScriptParserMixin.jsxParseOpeningElementAfterName (/Users/bhanumathi.s/dev/Customerfe/node_modules/@babel/parser/lib/index.js:4683:28)
      at TypeScriptParserMixin.jsxParseOpeningElementAfterName (/Users/bhanumathi.s/dev/Customerfe/node_modules/@babel/parser/lib/index.js:10064:18)
      at TypeScriptParserMixin.jsxParseOpeningElementAt (/Users/bhanumathi.s/dev/Customerfe/node_modules/@babel/parser/lib/index.js:4678:17)
      at TypeScriptParserMixin.jsxParseElementAt (/Users/bhanumathi.s/dev/Customerfe/node_modules/@babel/parser/lib/index.js:4702:33)
      at TypeScriptParserMixin.jsxParseElementAt (/Users/bhanumathi.s/dev/Customerfe/node_modules/@babel/parser/lib/index.js:4714:32)
      at TypeScriptParserMixin.jsxParseElementAt (/Users/bhanumathi.s/dev/Customerfe/node_modules/@babel/parser/lib/index.js:4714:32)
      at TypeScriptParserMixin.jsxParseElementAt (/Users/bhanumathi.s/dev/Customerfe/node_modules/@babel/parser/lib/index.js:4714:32)
      at TypeScriptParserMixin.jsxParseElement (/Users/bhanumathi.s/dev/Customerfe/node_modules/@babel/parser/lib/index.js:4765:17)
      at TypeScriptParserMixin.parseExprAtom (/Users/bhanumathi.s/dev/Customerfe/node_modules/@babel/parser/lib/index.js:4775:19)
      at TypeScriptParserMixin.parseExprSubscripts (/Users/bhanumathi.s/dev/Customerfe/node_modules/@babel/parser/lib/index.js:11102:23)
      at TypeScriptParserMixin.parseUpdate (/Users/bhanumathi.s/dev/Customerfe/node_modules/@babel/parser/lib/index.js:11087:21)
      at TypeScriptParserMixin.parseMaybeUnary (/Users/bhanumathi.s/dev/Customerfe/node_modules/@babel/parser/lib/index.js:11067:23)
      at TypeScriptParserMixin.parseMaybeUnary (/Users/bhanumathi.s/dev/Customerfe/node_modules/@babel/parser/lib/index.js:9858:18)
      at TypeScriptParserMixin.parseMaybeUnaryOrPrivate (/Users/bhanumathi.s/dev/Customerfe/node_modules/@babel/parser/lib/index.js:10920:61)
      at TypeScriptParserMixin.parseExprOps (/Users/bhanumathi.s/dev/Customerfe/node_modules/@babel/parser/lib/index.js:10925:23)
      at TypeScriptParserMixin.parseMaybeConditional (/Users/bhanumathi.s/dev/Customerfe/node_modules/@babel/parser/lib/index.js:10902:23)
      at TypeScriptParserMixin.parseMaybeAssign (/Users/bhanumathi.s/dev/Customerfe/node_modules/@babel/parser/lib/index.js:10852:21)
      at /Users/bhanumathi.s/dev/Customerfe/node_modules/@babel/parser/lib/index.js:9796:39
      at TypeScriptParserMixin.tryParse (/Users/bhanumathi.s/dev/Customerfe/node_modules/@babel/parser/lib/index.js:6928:20)
      at TypeScriptParserMixin.parseMaybeAssign (/Users/bhanumathi.s/dev/Customerfe/node_modules/@babel/parser/lib/index.js:9796:18)
      at /Users/bhanumathi.s/dev/Customerfe/node_modules/@babel/parser/lib/index.js:10821:39
      at TypeScriptParserMixin.allowInAnd (/Users/bhanumathi.s/dev/Customerfe/node_modules/@babel/parser/lib/index.js:12455:12)
      at TypeScriptParserMixin.parseMaybeAssignAllowIn (/Users/bhanumathi.s/dev/Customerfe/node_modules/@babel/parser/lib/index.js:10821:17)
      at TypeScriptParserMixin.parseMaybeAssignAllowInOrVoidPattern (/Users/bhanumathi.s/dev/Customerfe/node_modules/@babel/parser/lib/index.js:12522:17)
      at TypeScriptParserMixin.parseParenAndDistinguishExpression (/Users/bhanumathi.s/dev/Customerfe/node_modules/@babel/parser/lib/index.js:11701:28)
      at TypeScriptParserMixin.parseExprAtom (/Users/bhanumathi.s/dev/Customerfe/node_modules/@babel/parser/lib/index.js:11357:23)
      at TypeScriptParserMixin.parseExprAtom (/Users/bhanumathi.s/dev/Customerfe/node_modules/@babel/parser/lib/index.js:4780:20)
      at TypeScriptParserMixin.parseExprSubscripts (/Users/bhanumathi.s/dev/Customerfe/node_modules/@babel/parser/lib/index.js:11102:23)
      at TypeScriptParserMixin.parseUpdate (/Users/bhanumathi.s/dev/Customerfe/node_modules/@babel/parser/lib/index.js:11087:21)
      at TypeScriptParserMixin.parseMaybeUnary (/Users/bhanumathi.s/dev/Customerfe/node_modules/@babel/parser/lib/index.js:11067:23)
      at TypeScriptParserMixin.parseMaybeUnary (/Users/bhanumathi.s/dev/Customerfe/node_modules/@babel/parser/lib/index.js:9858:18)
      at TypeScriptParserMixin.parseMaybeUnaryOrPrivate (/Users/bhanumathi.s/dev/Customerfe/node_modules/@babel/parser/lib/index.js:10920:61)
      at TypeScriptParserMixin.parseExprOps (/Users/bhanumathi.s/dev/Customerfe/node_modules/@babel/parser/lib/index.js:10925:23)
      at TypeScriptParserMixin.parseMaybeConditional (/Users/bhanumathi.s/dev/Customerfe/node_modules/@babel/parser/lib/index.js:10902:23)
      at TypeScriptParserMixin.parseMaybeAssign (/Users/bhanumathi.s/dev/Customerfe/node_modules/@babel/parser/lib/index.js:10852:21)
      at TypeScriptParserMixin.parseMaybeAssign (/Users/bhanumathi.s/dev/Customerfe/node_modules/@babel/parser/lib/index.js:9807:20)
      at TypeScriptParserMixin.parseExpressionBase (/Users/bhanumathi.s/dev/Customerfe/node_modules/@babel/parser/lib/index.js:10805:23)
      at /Users/bhanumathi.s/dev/Customerfe/node_modules/@babel/parser/lib/index.js:10801:39
      at TypeScriptParserMixin.allowInAnd (/Users/bhanumathi.s/dev/Customerfe/node_modules/@babel/parser/lib/index.js:12450:16)
      at TypeScriptParserMixin.parseExpression (/Users/bhanumathi.s/dev/Customerfe/node_modules/@babel/parser/lib/index.js:10801:17)
      at TypeScriptParserMixin.parseReturnStatement (/Users/bhanumathi.s/dev/Customerfe/node_modules/@babel/parser/lib/index.js:13171:28)
      at TypeScriptParserMixin.parseStatementContent (/Users/bhanumathi.s/dev/Customerfe/node_modules/@babel/parser/lib/index.js:12827:21)
      at TypeScriptParserMixin.parseStatementContent (/Users/bhanumathi.s/dev/Customerfe/node_modules/@babel/parser/lib/index.js:9529:18)
      at TypeScriptParserMixin.parseStatementLike (/Users/bhanumathi.s/dev/Customerfe/node_modules/@babel/parser/lib/index.js:12796:17)
      at TypeScriptParserMixin.parseStatementListItem (/Users/bhanumathi.s/dev/Customerfe/node_modules/@babel/parser/lib/index.js:12776:17)
4:50:44 pm [vite] Internal server error: /Users/bhanumathi.s/dev/Customerfe/src/pages/CityPage.tsx: Unexpected token, expected "..." (799:13)

  797 |             className="reveal d1"
  798 |             style={{ fontSize: "clamp(30px,4.4vw,58px)" }}
> 799 |             {slug <LiveVenues slug={slug} /><LiveVenues slug={slug} /> <LiveVenues slug={slug} />}
      |              ^
  800 |             dangerouslySetInnerHTML={{ __html: closing.headingHtml ?? "" }}
  801 |           />
  802 |           <p className="lede on-dark reveal d2" style={{ margin: "18px auto 28px" }}>
  Plugin: vite:react-babel
  File: /Users/bhanumathi.s/dev/Customerfe/src/pages/CityPage.tsx:799:13
  797|              className="reveal d1"
  798|              style={{ fontSize: "clamp(30px,4.4vw,58px)" }}
  799|              {slug <LiveVenues slug={slug} /><LiveVenues slug={slug} /> <LiveVenues slug={slug} />}
     |               ^
  800|              dangerouslySetInnerHTML={{ __html: closing.headingHtml ?? "" }}
  801|            />
      at constructor (/Users/bhanumathi.s/dev/Customerfe/node_modules/@babel/parser/lib/index.js:369:19)
      at TypeScriptParserMixin.raise (/Users/bhanumathi.s/dev/Customerfe/node_modules/@babel/parser/lib/index.js:6620:19)
      at TypeScriptParserMixin.unexpected (/Users/bhanumathi.s/dev/Customerfe/node_modules/@babel/parser/lib/index.js:6640:16)
      at TypeScriptParserMixin.expect (/Users/bhanumathi.s/dev/Customerfe/node_modules/@babel/parser/lib/index.js:6920:12)
      at TypeScriptParserMixin.jsxParseAttribute (/Users/bhanumathi.s/dev/Customerfe/node_modules/@babel/parser/lib/index.js:4661:12)
      at TypeScriptParserMixin.jsxParseOpeningElementAfterName (/Users/bhanumathi.s/dev/Customerfe/node_modules/@babel/parser/lib/index.js:4683:28)
      at TypeScriptParserMixin.jsxParseOpeningElementAfterName (/Users/bhanumathi.s/dev/Customerfe/node_modules/@babel/parser/lib/index.js:10064:18)
      at TypeScriptParserMixin.jsxParseOpeningElementAt (/Users/bhanumathi.s/dev/Customerfe/node_modules/@babel/parser/lib/index.js:4678:17)
      at TypeScriptParserMixin.jsxParseElementAt (/Users/bhanumathi.s/dev/Customerfe/node_modules/@babel/parser/lib/index.js:4702:33)
      at TypeScriptParserMixin.jsxParseElementAt (/Users/bhanumathi.s/dev/Customerfe/node_modules/@babel/parser/lib/index.js:4714:32)
      at TypeScriptParserMixin.jsxParseElementAt (/Users/bhanumathi.s/dev/Customerfe/node_modules/@babel/parser/lib/index.js:4714:32)
      at TypeScriptParserMixin.jsxParseElementAt (/Users/bhanumathi.s/dev/Customerfe/node_modules/@babel/parser/lib/index.js:4714:32)
      at TypeScriptParserMixin.jsxParseElement (/Users/bhanumathi.s/dev/Customerfe/node_modules/@babel/parser/lib/index.js:4765:17)
      at TypeScriptParserMixin.parseExprAtom (/Users/bhanumathi.s/dev/Customerfe/node_modules/@babel/parser/lib/index.js:4775:19)
      at TypeScriptParserMixin.parseExprSubscripts (/Users/bhanumathi.s/dev/Customerfe/node_modules/@babel/parser/lib/index.js:11102:23)
      at TypeScriptParserMixin.parseUpdate (/Users/bhanumathi.s/dev/Customerfe/node_modules/@babel/parser/lib/index.js:11087:21)
      at TypeScriptParserMixin.parseMaybeUnary (/Users/bhanumathi.s/dev/Customerfe/node_modules/@babel/parser/lib/index.js:11067:23)
      at TypeScriptParserMixin.parseMaybeUnary (/Users/bhanumathi.s/dev/Customerfe/node_modules/@babel/parser/lib/index.js:9858:18)
      at TypeScriptParserMixin.parseMaybeUnaryOrPrivate (/Users/bhanumathi.s/dev/Customerfe/node_modules/@babel/parser/lib/index.js:10920:61)
      at TypeScriptParserMixin.parseExprOps (/Users/bhanumathi.s/dev/Customerfe/node_modules/@babel/parser/lib/index.js:10925:23)
      at TypeScriptParserMixin.parseMaybeConditional (/Users/bhanumathi.s/dev/Customerfe/node_modules/@babel/parser/lib/index.js:10902:23)
      at TypeScriptParserMixin.parseMaybeAssign (/Users/bhanumathi.s/dev/Customerfe/node_modules/@babel/parser/lib/index.js:10852:21)
      at /Users/bhanumathi.s/dev/Customerfe/node_modules/@babel/parser/lib/index.js:9796:39
      at TypeScriptParserMixin.tryParse (/Users/bhanumathi.s/dev/Customerfe/node_modules/@babel/parser/lib/index.js:6928:20)
      at TypeScriptParserMixin.parseMaybeAssign (/Users/bhanumathi.s/dev/Customerfe/node_modules/@babel/parser/lib/index.js:9796:18)
      at /Users/bhanumathi.s/dev/Customerfe/node_modules/@babel/parser/lib/index.js:10821:39
      at TypeScriptParserMixin.allowInAnd (/Users/bhanumathi.s/dev/Customerfe/node_modules/@babel/parser/lib/index.js:12455:12)
      at TypeScriptParserMixin.parseMaybeAssignAllowIn (/Users/bhanumathi.s/dev/Customerfe/node_modules/@babel/parser/lib/index.js:10821:17)
      at TypeScriptParserMixin.parseMaybeAssignAllowInOrVoidPattern (/Users/bhanumathi.s/dev/Customerfe/node_modules/@babel/parser/lib/index.js:12522:17)
      at TypeScriptParserMixin.parseParenAndDistinguishExpression (/Users/bhanumathi.s/dev/Customerfe/node_modules/@babel/parser/lib/index.js:11701:28)
      at TypeScriptParserMixin.parseExprAtom (/Users/bhanumathi.s/dev/Customerfe/node_modules/@babel/parser/lib/index.js:11357:23)
      at TypeScriptParserMixin.parseExprAtom (/Users/bhanumathi.s/dev/Customerfe/node_modules/@babel/parser/lib/index.js:4780:20)
      at TypeScriptParserMixin.parseExprSubscripts (/Users/bhanumathi.s/dev/Customerfe/node_modules/@babel/parser/lib/index.js:11102:23)
      at TypeScriptParserMixin.parseUpdate (/Users/bhanumathi.s/dev/Customerfe/node_modules/@babel/parser/lib/index.js:11087:21)
      at TypeScriptParserMixin.parseMaybeUnary (/Users/bhanumathi.s/dev/Customerfe/node_modules/@babel/parser/lib/index.js:11067:23)
      at TypeScriptParserMixin.parseMaybeUnary (/Users/bhanumathi.s/dev/Customerfe/node_modules/@babel/parser/lib/index.js:9858:18)
      at TypeScriptParserMixin.parseMaybeUnaryOrPrivate (/Users/bhanumathi.s/dev/Customerfe/node_modules/@babel/parser/lib/index.js:10920:61)
      at TypeScriptParserMixin.parseExprOps (/Users/bhanumathi.s/dev/Customerfe/node_modules/@babel/parser/lib/index.js:10925:23)
      at TypeScriptParserMixin.parseMaybeConditional (/Users/bhanumathi.s/dev/Customerfe/node_modules/@babel/parser/lib/index.js:10902:23)
      at TypeScriptParserMixin.parseMaybeAssign (/Users/bhanumathi.s/dev/Customerfe/node_modules/@babel/parser/lib/index.js:10852:21)
      at TypeScriptParserMixin.parseMaybeAssign (/Users/bhanumathi.s/dev/Customerfe/node_modules/@babel/parser/lib/index.js:9807:20)
      at TypeScriptParserMixin.parseExpressionBase (/Users/bhanumathi.s/dev/Customerfe/node_modules/@babel/parser/lib/index.js:10805:23)
      at /Users/bhanumathi.s/dev/Customerfe/node_modules/@babel/parser/lib/index.js:10801:39
      at TypeScriptParserMixin.allowInAnd (/Users/bhanumathi.s/dev/Customerfe/node_modules/@babel/parser/lib/index.js:12450:16)
      at TypeScriptParserMixin.parseExpression (/Users/bhanumathi.s/dev/Customerfe/node_modules/@babel/parser/lib/index.js:10801:17)
      at TypeScriptParserMixin.parseReturnStatement (/Users/bhanumathi.s/dev/Customerfe/node_modules/@babel/parser/lib/index.js:13171:28)
      at TypeScriptParserMixin.parseStatementContent (/Users/bhanumathi.s/dev/Customerfe/node_modules/@babel/parser/lib/index.js:12827:21)
      at TypeScriptParserMixin.parseStatementContent (/Users/bhanumathi.s/dev/Customerfe/node_modules/@babel/parser/lib/index.js:9529:18)
      at TypeScriptParserMixin.parseStatementLike (/Users/bhanumathi.s/dev/Customerfe/node_modules/@babel/parser/lib/index.js:12796:17)
      at TypeScriptParserMixin.parseStatementListItem (/Users/bhanumathi.s/dev/Customerfe/node_modules/@babel/parser/lib/index.js:12776:17)
4:50:44 pm [vite] Internal server error: /Users/bhanumathi.s/dev/Customerfe/src/pages/CityPage.tsx: Unexpected token, expected "..." (799:13)

  797 |             className="reveal d1"
  798 |             style={{ fontSize: "clamp(30px,4.4vw,58px)" }}
> 799 |             {slug <LiveVenues slug={slug} /><LiveVenues slug={slug} /> <LiveVenues slug={slug} />}
      |              ^
  800 |             dangerouslySetInnerHTML={{ __html: closing.headingHtml ?? "" }}
  801 |           />
  802 |           <p className="lede on-dark reveal d2" style={{ margin: "18px auto 28px" }}>
  Plugin: vite:react-babel
  File: /Users/bhanumathi.s/dev/Customerfe/src/pages/CityPage.tsx:799:13
  797|              className="reveal d1"
  798|              style={{ fontSize: "clamp(30px,4.4vw,58px)" }}
  799|              {slug <LiveVenues slug={slug} /><LiveVenues slug={slug} /> <LiveVenues slug={slug} />}
     |               ^
  800|              dangerouslySetInnerHTML={{ __html: closing.headingHtml ?? "" }}
  801|            />
      at constructor (/Users/bhanumathi.s/dev/Customerfe/node_modules/@babel/parser/lib/index.js:369:19)
      at TypeScriptParserMixin.raise (/Users/bhanumathi.s/dev/Customerfe/node_modules/@babel/parser/lib/index.js:6620:19)
      at TypeScriptParserMixin.unexpected (/Users/bhanumathi.s/dev/Customerfe/node_modules/@babel/parser/lib/index.js:6640:16)
      at TypeScriptParserMixin.expect (/Users/bhanumathi.s/dev/Customerfe/node_modules/@babel/parser/lib/index.js:6920:12)
      at TypeScriptParserMixin.jsxParseAttribute (/Users/bhanumathi.s/dev/Customerfe/node_modules/@babel/parser/lib/index.js:4661:12)
      at TypeScriptParserMixin.jsxParseOpeningElementAfterName (/Users/bhanumathi.s/dev/Customerfe/node_modules/@babel/parser/lib/index.js:4683:28)
      at TypeScriptParserMixin.jsxParseOpeningElementAfterName (/Users/bhanumathi.s/dev/Customerfe/node_modules/@babel/parser/lib/index.js:10064:18)
      at TypeScriptParserMixin.jsxParseOpeningElementAt (/Users/bhanumathi.s/dev/Customerfe/node_modules/@babel/parser/lib/index.js:4678:17)
      at TypeScriptParserMixin.jsxParseElementAt (/Users/bhanumathi.s/dev/Customerfe/node_modules/@babel/parser/lib/index.js:4702:33)
      at TypeScriptParserMixin.jsxParseElementAt (/Users/bhanumathi.s/dev/Customerfe/node_modules/@babel/parser/lib/index.js:4714:32)
      at TypeScriptParserMixin.jsxParseElementAt (/Users/bhanumathi.s/dev/Customerfe/node_modules/@babel/parser/lib/index.js:4714:32)
      at TypeScriptParserMixin.jsxParseElementAt (/Users/bhanumathi.s/dev/Customerfe/node_modules/@babel/parser/lib/index.js:4714:32)
      at TypeScriptParserMixin.jsxParseElement (/Users/bhanumathi.s/dev/Customerfe/node_modules/@babel/parser/lib/index.js:4765:17)
      at TypeScriptParserMixin.parseExprAtom (/Users/bhanumathi.s/dev/Customerfe/node_modules/@babel/parser/lib/index.js:4775:19)
      at TypeScriptParserMixin.parseExprSubscripts (/Users/bhanumathi.s/dev/Customerfe/node_modules/@babel/parser/lib/index.js:11102:23)
      at TypeScriptParserMixin.parseUpdate (/Users/bhanumathi.s/dev/Customerfe/node_modules/@babel/parser/lib/index.js:11087:21)
      at TypeScriptParserMixin.parseMaybeUnary (/Users/bhanumathi.s/dev/Customerfe/node_modules/@babel/parser/lib/index.js:11067:23)
      at TypeScriptParserMixin.parseMaybeUnary (/Users/bhanumathi.s/dev/Customerfe/node_modules/@babel/parser/lib/index.js:9858:18)
      at TypeScriptParserMixin.parseMaybeUnaryOrPrivate (/Users/bhanumathi.s/dev/Customerfe/node_modules/@babel/parser/lib/index.js:10920:61)
      at TypeScriptParserMixin.parseExprOps (/Users/bhanumathi.s/dev/Customerfe/node_modules/@babel/parser/lib/index.js:10925:23)
      at TypeScriptParserMixin.parseMaybeConditional (/Users/bhanumathi.s/dev/Customerfe/node_modules/@babel/parser/lib/index.js:10902:23)
      at TypeScriptParserMixin.parseMaybeAssign (/Users/bhanumathi.s/dev/Customerfe/node_modules/@babel/parser/lib/index.js:10852:21)
      at /Users/bhanumathi.s/dev/Customerfe/node_modules/@babel/parser/lib/index.js:9796:39
      at TypeScriptParserMixin.tryParse (/Users/bhanumathi.s/dev/Customerfe/node_modules/@babel/parser/lib/index.js:6928:20)
      at TypeScriptParserMixin.parseMaybeAssign (/Users/bhanumathi.s/dev/Customerfe/node_modules/@babel/parser/lib/index.js:9796:18)
      at /Users/bhanumathi.s/dev/Customerfe/node_modules/@babel/parser/lib/index.js:10821:39
      at TypeScriptParserMixin.allowInAnd (/Users/bhanumathi.s/dev/Customerfe/node_modules/@babel/parser/lib/index.js:12455:12)
      at TypeScriptParserMixin.parseMaybeAssignAllowIn (/Users/bhanumathi.s/dev/Customerfe/node_modules/@babel/parser/lib/index.js:10821:17)
      at TypeScriptParserMixin.parseMaybeAssignAllowInOrVoidPattern (/Users/bhanumathi.s/dev/Customerfe/node_modules/@babel/parser/lib/index.js:12522:17)
      at TypeScriptParserMixin.parseParenAndDistinguishExpression (/Users/bhanumathi.s/dev/Customerfe/node_modules/@babel/parser/lib/index.js:11701:28)
      at TypeScriptParserMixin.parseExprAtom (/Users/bhanumathi.s/dev/Customerfe/node_modules/@babel/parser/lib/index.js:11357:23)
      at TypeScriptParserMixin.parseExprAtom (/Users/bhanumathi.s/dev/Customerfe/node_modules/@babel/parser/lib/index.js:4780:20)
      at TypeScriptParserMixin.parseExprSubscripts (/Users/bhanumathi.s/dev/Customerfe/node_modules/@babel/parser/lib/index.js:11102:23)
      at TypeScriptParserMixin.parseUpdate (/Users/bhanumathi.s/dev/Customerfe/node_modules/@babel/parser/lib/index.js:11087:21)
      at TypeScriptParserMixin.parseMaybeUnary (/Users/bhanumathi.s/dev/Customerfe/node_modules/@babel/parser/lib/index.js:11067:23)
      at TypeScriptParserMixin.parseMaybeUnary (/Users/bhanumathi.s/dev/Customerfe/node_modules/@babel/parser/lib/index.js:9858:18)
      at TypeScriptParserMixin.parseMaybeUnaryOrPrivate (/Users/bhanumathi.s/dev/Customerfe/node_modules/@babel/parser/lib/index.js:10920:61)
      at TypeScriptParserMixin.parseExprOps (/Users/bhanumathi.s/dev/Customerfe/node_modules/@babel/parser/lib/index.js:10925:23)
      at TypeScriptParserMixin.parseMaybeConditional (/Users/bhanumathi.s/dev/Customerfe/node_modules/@babel/parser/lib/index.js:10902:23)
      at TypeScriptParserMixin.parseMaybeAssign (/Users/bhanumathi.s/dev/Customerfe/node_modules/@babel/parser/lib/index.js:10852:21)
      at TypeScriptParserMixin.parseMaybeAssign (/Users/bhanumathi.s/dev/Customerfe/node_modules/@babel/parser/lib/index.js:9807:20)
      at TypeScriptParserMixin.parseExpressionBase (/Users/bhanumathi.s/dev/Customerfe/node_modules/@babel/parser/lib/index.js:10805:23)
      at /Users/bhanumathi.s/dev/Customerfe/node_modules/@babel/parser/lib/index.js:10801:39
      at TypeScriptParserMixin.allowInAnd (/Users/bhanumathi.s/dev/Customerfe/node_modules/@babel/parser/lib/index.js:12450:16)
      at TypeScriptParserMixin.parseExpression (/Users/bhanumathi.s/dev/Customerfe/node_modules/@babel/parser/lib/index.js:10801:17)
      at TypeScriptParserMixin.parseReturnStatement (/Users/bhanumathi.s/dev/Customerfe/node_modules/@babel/parser/lib/index.js:13171:28)
      at TypeScriptParserMixin.parseStatementContent (/Users/bhanumathi.s/dev/Customerfe/node_modules/@babel/parser/lib/index.js:12827:21)
      at TypeScriptParserMixin.parseStatementContent (/Users/bhanumathi.s/dev/Customerfe/node_modules/@babel/parser/lib/index.js:9529:18)
      at TypeScriptParserMixin.parseStatementLike (/Users/bhanumathi.s/dev/Customerfe/node_modules/@babel/parser/lib/index.js:12796:17)
      at TypeScriptParserMixin.parseStatementListItem (/Users/bhanumathi.s/dev/Customerfe/node_modules/@babel/parser/lib/index.js:12776:17)
4:53:31 pm [vite] hmr update /src/pages/CityPage.tsx
5:02:58 pm [vite] hmr update /src/pages/CityPage.tsx
6:05:42 pm [vite] hmr update /src/pages/CityPage.tsx
6:07:22 pm [vite] hmr update /src/pages/CityPage.tsx
6:09:37 pm [vite] hmr update /src/pages/CityPage.tsx
6:09:45 pm [vite] hmr update /src/pages/CityPage.tsx
6:12:57 pm [vite] hmr update /src/pages/CityPage.tsx
6:13:01 pm [vite] hmr update /src/pages/CityPage.tsx
6:13:06 pm [vite] hmr update /src/pages/CityPage.tsx
6:21:57 pm [vite] hmr update /src/pages/ZonePage.tsx, /src/pages/CityPage.tsx, /src/components/WorldMap.tsx
6:25:16 pm [vite] hmr update /src/pages/ZonePage.tsx, /src/pages/CityPage.tsx, /src/components/WorldMap.tsx
6:26:31 pm [vite] hmr update /src/pages/ZonePage.tsx, /src/pages/CityPage.tsx, /src/components/WorldMap.tsx
11:58:23 am [vite] hmr update /src/pages/RequestAccessPage.tsx
12:00:48 pm [vite] hmr update /src/pages/RequestAccessPage.tsx
12:07:06 pm [vite] hmr update /src/pages/RequestAccessPage.tsx
12:07:19 pm [vite] hmr update /src/pages/RequestAccessPage.tsx
12:07:34 pm [vite] hmr update /src/pages/RequestAccessPage.tsx
12:29:26 pm [vite] hmr update /src/pages/ClaimPage.tsx
12:29:35 pm [vite] hmr update /src/pages/ClaimPage.tsx
12:29:40 pm [vite] hmr update /src/pages/ClaimPage.tsx
12:29:46 pm [vite] hmr update /src/pages/ClaimPage.tsx
12:29:56 pm [vite] hmr update /src/pages/ClaimPage.tsx
12:30:04 pm [vite] hmr update /src/pages/ClaimPage.tsx
12:30:34 pm [vite] hmr update /src/pages/ClaimPage.tsx
5:54:50 pm [vite] hmr update /src/components/layout/Layout.tsx
5:54:57 pm [vite] hmr update /src/components/layout/Layout.tsx
5:55:11 pm [vite] hmr update /src/components/layout/Layout.tsx
5:55:56 pm [vite] hmr update /src/pages/RequestAccessPage.tsx
5:56:02 pm [vite] hmr update /src/pages/RequestAccessPage.tsx
5:56:40 pm [vite] hmr update /src/pages/RequestAccessPage.tsx
6:10:56 pm [vite] hmr update /src/pages/RequestAccessPage.tsx
6:11:03 pm [vite] hmr update /src/pages/RequestAccessPage.tsx
6:11:25 pm [vite] hmr update /src/pages/RequestAccessPage.tsx
6:11:40 pm [vite] hmr update /src/pages/RequestAccessPage.tsx
6:11:40 pm [vite] Internal server error: /Users/bhanumathi.s/dev/Customerfe/src/pages/RequestAccessPage.tsx: Unterminated JSX contents. (365:14)

  363 |         </div>
  364 |       </div>
> 365 |     </section>
      |               ^
  366 |   );
  367 | }
  368 |
  Plugin: vite:react-babel
  File: /Users/bhanumathi.s/dev/Customerfe/src/pages/RequestAccessPage.tsx:365:14
  363|          </div>
  364|        </div>
  365|      </section>
     |                ^
  366|    );
  367|  }
      at constructor (/Users/bhanumathi.s/dev/Customerfe/node_modules/@babel/parser/lib/index.js:369:19)
      at TypeScriptParserMixin.raise (/Users/bhanumathi.s/dev/Customerfe/node_modules/@babel/parser/lib/index.js:6620:19)
      at TypeScriptParserMixin.jsxReadToken (/Users/bhanumathi.s/dev/Customerfe/node_modules/@babel/parser/lib/index.js:4464:20)
      at TypeScriptParserMixin.getTokenFromCode (/Users/bhanumathi.s/dev/Customerfe/node_modules/@babel/parser/lib/index.js:4790:12)
      at TypeScriptParserMixin.getTokenFromCode (/Users/bhanumathi.s/dev/Customerfe/node_modules/@babel/parser/lib/index.js:10008:11)
      at TypeScriptParserMixin.nextToken (/Users/bhanumathi.s/dev/Customerfe/node_modules/@babel/parser/lib/index.js:5803:10)
      at TypeScriptParserMixin.next (/Users/bhanumathi.s/dev/Customerfe/node_modules/@babel/parser/lib/index.js:5713:10)
      at TypeScriptParserMixin.eat (/Users/bhanumathi.s/dev/Customerfe/node_modules/@babel/parser/lib/index.js:5717:12)
      at TypeScriptParserMixin.expect (/Users/bhanumathi.s/dev/Customerfe/node_modules/@babel/parser/lib/index.js:6919:15)
      at TypeScriptParserMixin.jsxParseClosingElementAt (/Users/bhanumathi.s/dev/Customerfe/node_modules/@babel/parser/lib/index.js:4696:10)
      at TypeScriptParserMixin.jsxParseElementAt (/Users/bhanumathi.s/dev/Customerfe/node_modules/@babel/parser/lib/index.js:4711:37)
      at TypeScriptParserMixin.jsxParseElementAt (/Users/bhanumathi.s/dev/Customerfe/node_modules/@babel/parser/lib/index.js:4714:32)
      at TypeScriptParserMixin.jsxParseElement (/Users/bhanumathi.s/dev/Customerfe/node_modules/@babel/parser/lib/index.js:4765:17)
      at TypeScriptParserMixin.parseExprAtom (/Users/bhanumathi.s/dev/Customerfe/node_modules/@babel/parser/lib/index.js:4775:19)
      at TypeScriptParserMixin.parseExprSubscripts (/Users/bhanumathi.s/dev/Customerfe/node_modules/@babel/parser/lib/index.js:11102:23)
      at TypeScriptParserMixin.parseUpdate (/Users/bhanumathi.s/dev/Customerfe/node_modules/@babel/parser/lib/index.js:11087:21)
      at TypeScriptParserMixin.parseMaybeUnary (/Users/bhanumathi.s/dev/Customerfe/node_modules/@babel/parser/lib/index.js:11067:23)
      at TypeScriptParserMixin.parseMaybeUnary (/Users/bhanumathi.s/dev/Customerfe/node_modules/@babel/parser/lib/index.js:9858:18)
      at TypeScriptParserMixin.parseMaybeUnaryOrPrivate (/Users/bhanumathi.s/dev/Customerfe/node_modules/@babel/parser/lib/index.js:10920:61)
      at TypeScriptParserMixin.parseExprOps (/Users/bhanumathi.s/dev/Customerfe/node_modules/@babel/parser/lib/index.js:10925:23)
      at TypeScriptParserMixin.parseMaybeConditional (/Users/bhanumathi.s/dev/Customerfe/node_modules/@babel/parser/lib/index.js:10902:23)
      at TypeScriptParserMixin.parseMaybeAssign (/Users/bhanumathi.s/dev/Customerfe/node_modules/@babel/parser/lib/index.js:10852:21)
      at /Users/bhanumathi.s/dev/Customerfe/node_modules/@babel/parser/lib/index.js:9796:39
      at TypeScriptParserMixin.tryParse (/Users/bhanumathi.s/dev/Customerfe/node_modules/@babel/parser/lib/index.js:6928:20)
      at TypeScriptParserMixin.parseMaybeAssign (/Users/bhanumathi.s/dev/Customerfe/node_modules/@babel/parser/lib/index.js:9796:18)
      at /Users/bhanumathi.s/dev/Customerfe/node_modules/@babel/parser/lib/index.js:10821:39
      at TypeScriptParserMixin.allowInAnd (/Users/bhanumathi.s/dev/Customerfe/node_modules/@babel/parser/lib/index.js:12455:12)
      at TypeScriptParserMixin.parseMaybeAssignAllowIn (/Users/bhanumathi.s/dev/Customerfe/node_modules/@babel/parser/lib/index.js:10821:17)
      at TypeScriptParserMixin.parseMaybeAssignAllowInOrVoidPattern (/Users/bhanumathi.s/dev/Customerfe/node_modules/@babel/parser/lib/index.js:12522:17)
      at TypeScriptParserMixin.parseParenAndDistinguishExpression (/Users/bhanumathi.s/dev/Customerfe/node_modules/@babel/parser/lib/index.js:11701:28)
      at TypeScriptParserMixin.parseExprAtom (/Users/bhanumathi.s/dev/Customerfe/node_modules/@babel/parser/lib/index.js:11357:23)
      at TypeScriptParserMixin.parseExprAtom (/Users/bhanumathi.s/dev/Customerfe/node_modules/@babel/parser/lib/index.js:4780:20)
      at TypeScriptParserMixin.parseExprSubscripts (/Users/bhanumathi.s/dev/Customerfe/node_modules/@babel/parser/lib/index.js:11102:23)
      at TypeScriptParserMixin.parseUpdate (/Users/bhanumathi.s/dev/Customerfe/node_modules/@babel/parser/lib/index.js:11087:21)
      at TypeScriptParserMixin.parseMaybeUnary (/Users/bhanumathi.s/dev/Customerfe/node_modules/@babel/parser/lib/index.js:11067:23)
      at TypeScriptParserMixin.parseMaybeUnary (/Users/bhanumathi.s/dev/Customerfe/node_modules/@babel/parser/lib/index.js:9858:18)
      at TypeScriptParserMixin.parseMaybeUnaryOrPrivate (/Users/bhanumathi.s/dev/Customerfe/node_modules/@babel/parser/lib/index.js:10920:61)
      at TypeScriptParserMixin.parseExprOps (/Users/bhanumathi.s/dev/Customerfe/node_modules/@babel/parser/lib/index.js:10925:23)
      at TypeScriptParserMixin.parseMaybeConditional (/Users/bhanumathi.s/dev/Customerfe/node_modules/@babel/parser/lib/index.js:10902:23)
      at TypeScriptParserMixin.parseMaybeAssign (/Users/bhanumathi.s/dev/Customerfe/node_modules/@babel/parser/lib/index.js:10852:21)
      at TypeScriptParserMixin.parseMaybeAssign (/Users/bhanumathi.s/dev/Customerfe/node_modules/@babel/parser/lib/index.js:9807:20)
      at TypeScriptParserMixin.parseExpressionBase (/Users/bhanumathi.s/dev/Customerfe/node_modules/@babel/parser/lib/index.js:10805:23)
      at /Users/bhanumathi.s/dev/Customerfe/node_modules/@babel/parser/lib/index.js:10801:39
      at TypeScriptParserMixin.allowInAnd (/Users/bhanumathi.s/dev/Customerfe/node_modules/@babel/parser/lib/index.js:12450:16)
      at TypeScriptParserMixin.parseExpression (/Users/bhanumathi.s/dev/Customerfe/node_modules/@babel/parser/lib/index.js:10801:17)
      at TypeScriptParserMixin.parseReturnStatement (/Users/bhanumathi.s/dev/Customerfe/node_modules/@babel/parser/lib/index.js:13171:28)
      at TypeScriptParserMixin.parseStatementContent (/Users/bhanumathi.s/dev/Customerfe/node_modules/@babel/parser/lib/index.js:12827:21)
      at TypeScriptParserMixin.parseStatementContent (/Users/bhanumathi.s/dev/Customerfe/node_modules/@babel/parser/lib/index.js:9529:18)
      at TypeScriptParserMixin.parseStatementLike (/Users/bhanumathi.s/dev/Customerfe/node_modules/@babel/parser/lib/index.js:12796:17)
      at TypeScriptParserMixin.parseStatementListItem (/Users/bhanumathi.s/dev/Customerfe/node_modules/@babel/parser/lib/index.js:12776:17)
6:11:40 pm [vite] Internal server error: /Users/bhanumathi.s/dev/Customerfe/src/pages/RequestAccessPage.tsx: Unterminated JSX contents. (365:14)

  363 |         </div>
  364 |       </div>
> 365 |     </section>
      |               ^
  366 |   );
  367 | }
  368 |
  Plugin: vite:react-babel
  File: /Users/bhanumathi.s/dev/Customerfe/src/pages/RequestAccessPage.tsx:365:14
  363|          </div>
  364|        </div>
  365|      </section>
     |                ^
  366|    );
  367|  }
      at constructor (/Users/bhanumathi.s/dev/Customerfe/node_modules/@babel/parser/lib/index.js:369:19)
      at TypeScriptParserMixin.raise (/Users/bhanumathi.s/dev/Customerfe/node_modules/@babel/parser/lib/index.js:6620:19)
      at TypeScriptParserMixin.jsxReadToken (/Users/bhanumathi.s/dev/Customerfe/node_modules/@babel/parser/lib/index.js:4464:20)
      at TypeScriptParserMixin.getTokenFromCode (/Users/bhanumathi.s/dev/Customerfe/node_modules/@babel/parser/lib/index.js:4790:12)
      at TypeScriptParserMixin.getTokenFromCode (/Users/bhanumathi.s/dev/Customerfe/node_modules/@babel/parser/lib/index.js:10008:11)
      at TypeScriptParserMixin.nextToken (/Users/bhanumathi.s/dev/Customerfe/node_modules/@babel/parser/lib/index.js:5803:10)
      at TypeScriptParserMixin.next (/Users/bhanumathi.s/dev/Customerfe/node_modules/@babel/parser/lib/index.js:5713:10)
      at TypeScriptParserMixin.eat (/Users/bhanumathi.s/dev/Customerfe/node_modules/@babel/parser/lib/index.js:5717:12)
      at TypeScriptParserMixin.expect (/Users/bhanumathi.s/dev/Customerfe/node_modules/@babel/parser/lib/index.js:6919:15)
      at TypeScriptParserMixin.jsxParseClosingElementAt (/Users/bhanumathi.s/dev/Customerfe/node_modules/@babel/parser/lib/index.js:4696:10)
      at TypeScriptParserMixin.jsxParseElementAt (/Users/bhanumathi.s/dev/Customerfe/node_modules/@babel/parser/lib/index.js:4711:37)
      at TypeScriptParserMixin.jsxParseElementAt (/Users/bhanumathi.s/dev/Customerfe/node_modules/@babel/parser/lib/index.js:4714:32)
      at TypeScriptParserMixin.jsxParseElement (/Users/bhanumathi.s/dev/Customerfe/node_modules/@babel/parser/lib/index.js:4765:17)
      at TypeScriptParserMixin.parseExprAtom (/Users/bhanumathi.s/dev/Customerfe/node_modules/@babel/parser/lib/index.js:4775:19)
      at TypeScriptParserMixin.parseExprSubscripts (/Users/bhanumathi.s/dev/Customerfe/node_modules/@babel/parser/lib/index.js:11102:23)
      at TypeScriptParserMixin.parseUpdate (/Users/bhanumathi.s/dev/Customerfe/node_modules/@babel/parser/lib/index.js:11087:21)
      at TypeScriptParserMixin.parseMaybeUnary (/Users/bhanumathi.s/dev/Customerfe/node_modules/@babel/parser/lib/index.js:11067:23)
      at TypeScriptParserMixin.parseMaybeUnary (/Users/bhanumathi.s/dev/Customerfe/node_modules/@babel/parser/lib/index.js:9858:18)
      at TypeScriptParserMixin.parseMaybeUnaryOrPrivate (/Users/bhanumathi.s/dev/Customerfe/node_modules/@babel/parser/lib/index.js:10920:61)
      at TypeScriptParserMixin.parseExprOps (/Users/bhanumathi.s/dev/Customerfe/node_modules/@babel/parser/lib/index.js:10925:23)
      at TypeScriptParserMixin.parseMaybeConditional (/Users/bhanumathi.s/dev/Customerfe/node_modules/@babel/parser/lib/index.js:10902:23)
      at TypeScriptParserMixin.parseMaybeAssign (/Users/bhanumathi.s/dev/Customerfe/node_modules/@babel/parser/lib/index.js:10852:21)
      at /Users/bhanumathi.s/dev/Customerfe/node_modules/@babel/parser/lib/index.js:9796:39
      at TypeScriptParserMixin.tryParse (/Users/bhanumathi.s/dev/Customerfe/node_modules/@babel/parser/lib/index.js:6928:20)
      at TypeScriptParserMixin.parseMaybeAssign (/Users/bhanumathi.s/dev/Customerfe/node_modules/@babel/parser/lib/index.js:9796:18)
      at /Users/bhanumathi.s/dev/Customerfe/node_modules/@babel/parser/lib/index.js:10821:39
      at TypeScriptParserMixin.allowInAnd (/Users/bhanumathi.s/dev/Customerfe/node_modules/@babel/parser/lib/index.js:12455:12)
      at TypeScriptParserMixin.parseMaybeAssignAllowIn (/Users/bhanumathi.s/dev/Customerfe/node_modules/@babel/parser/lib/index.js:10821:17)
      at TypeScriptParserMixin.parseMaybeAssignAllowInOrVoidPattern (/Users/bhanumathi.s/dev/Customerfe/node_modules/@babel/parser/lib/index.js:12522:17)
      at TypeScriptParserMixin.parseParenAndDistinguishExpression (/Users/bhanumathi.s/dev/Customerfe/node_modules/@babel/parser/lib/index.js:11701:28)
      at TypeScriptParserMixin.parseExprAtom (/Users/bhanumathi.s/dev/Customerfe/node_modules/@babel/parser/lib/index.js:11357:23)
      at TypeScriptParserMixin.parseExprAtom (/Users/bhanumathi.s/dev/Customerfe/node_modules/@babel/parser/lib/index.js:4780:20)
      at TypeScriptParserMixin.parseExprSubscripts (/Users/bhanumathi.s/dev/Customerfe/node_modules/@babel/parser/lib/index.js:11102:23)
      at TypeScriptParserMixin.parseUpdate (/Users/bhanumathi.s/dev/Customerfe/node_modules/@babel/parser/lib/index.js:11087:21)
      at TypeScriptParserMixin.parseMaybeUnary (/Users/bhanumathi.s/dev/Customerfe/node_modules/@babel/parser/lib/index.js:11067:23)
      at TypeScriptParserMixin.parseMaybeUnary (/Users/bhanumathi.s/dev/Customerfe/node_modules/@babel/parser/lib/index.js:9858:18)
      at TypeScriptParserMixin.parseMaybeUnaryOrPrivate (/Users/bhanumathi.s/dev/Customerfe/node_modules/@babel/parser/lib/index.js:10920:61)
      at TypeScriptParserMixin.parseExprOps (/Users/bhanumathi.s/dev/Customerfe/node_modules/@babel/parser/lib/index.js:10925:23)
      at TypeScriptParserMixin.parseMaybeConditional (/Users/bhanumathi.s/dev/Customerfe/node_modules/@babel/parser/lib/index.js:10902:23)
      at TypeScriptParserMixin.parseMaybeAssign (/Users/bhanumathi.s/dev/Customerfe/node_modules/@babel/parser/lib/index.js:10852:21)
      at TypeScriptParserMixin.parseMaybeAssign (/Users/bhanumathi.s/dev/Customerfe/node_modules/@babel/parser/lib/index.js:9807:20)
      at TypeScriptParserMixin.parseExpressionBase (/Users/bhanumathi.s/dev/Customerfe/node_modules/@babel/parser/lib/index.js:10805:23)
      at /Users/bhanumathi.s/dev/Customerfe/node_modules/@babel/parser/lib/index.js:10801:39
      at TypeScriptParserMixin.allowInAnd (/Users/bhanumathi.s/dev/Customerfe/node_modules/@babel/parser/lib/index.js:12450:16)
      at TypeScriptParserMixin.parseExpression (/Users/bhanumathi.s/dev/Customerfe/node_modules/@babel/parser/lib/index.js:10801:17)
      at TypeScriptParserMixin.parseReturnStatement (/Users/bhanumathi.s/dev/Customerfe/node_modules/@babel/parser/lib/index.js:13171:28)
      at TypeScriptParserMixin.parseStatementContent (/Users/bhanumathi.s/dev/Customerfe/node_modules/@babel/parser/lib/index.js:12827:21)
      at TypeScriptParserMixin.parseStatementContent (/Users/bhanumathi.s/dev/Customerfe/node_modules/@babel/parser/lib/index.js:9529:18)
      at TypeScriptParserMixin.parseStatementLike (/Users/bhanumathi.s/dev/Customerfe/node_modules/@babel/parser/lib/index.js:12796:17)
      at TypeScriptParserMixin.parseStatementListItem (/Users/bhanumathi.s/dev/Customerfe/node_modules/@babel/parser/lib/index.js:12776:17)
6:11:40 pm [vite] Internal server error: /Users/bhanumathi.s/dev/Customerfe/src/pages/RequestAccessPage.tsx: Unterminated JSX contents. (365:14)

  363 |         </div>
  364 |       </div>
> 365 |     </section>
      |               ^
  366 |   );
  367 | }
  368 |
  Plugin: vite:react-babel
  File: /Users/bhanumathi.s/dev/Customerfe/src/pages/RequestAccessPage.tsx:365:14
  363|          </div>
  364|        </div>
  365|      </section>
     |                ^
  366|    );
  367|  }
      at constructor (/Users/bhanumathi.s/dev/Customerfe/node_modules/@babel/parser/lib/index.js:369:19)
      at TypeScriptParserMixin.raise (/Users/bhanumathi.s/dev/Customerfe/node_modules/@babel/parser/lib/index.js:6620:19)
      at TypeScriptParserMixin.jsxReadToken (/Users/bhanumathi.s/dev/Customerfe/node_modules/@babel/parser/lib/index.js:4464:20)
      at TypeScriptParserMixin.getTokenFromCode (/Users/bhanumathi.s/dev/Customerfe/node_modules/@babel/parser/lib/index.js:4790:12)
      at TypeScriptParserMixin.getTokenFromCode (/Users/bhanumathi.s/dev/Customerfe/node_modules/@babel/parser/lib/index.js:10008:11)
      at TypeScriptParserMixin.nextToken (/Users/bhanumathi.s/dev/Customerfe/node_modules/@babel/parser/lib/index.js:5803:10)
      at TypeScriptParserMixin.next (/Users/bhanumathi.s/dev/Customerfe/node_modules/@babel/parser/lib/index.js:5713:10)
      at TypeScriptParserMixin.eat (/Users/bhanumathi.s/dev/Customerfe/node_modules/@babel/parser/lib/index.js:5717:12)
      at TypeScriptParserMixin.expect (/Users/bhanumathi.s/dev/Customerfe/node_modules/@babel/parser/lib/index.js:6919:15)
      at TypeScriptParserMixin.jsxParseClosingElementAt (/Users/bhanumathi.s/dev/Customerfe/node_modules/@babel/parser/lib/index.js:4696:10)
      at TypeScriptParserMixin.jsxParseElementAt (/Users/bhanumathi.s/dev/Customerfe/node_modules/@babel/parser/lib/index.js:4711:37)
      at TypeScriptParserMixin.jsxParseElementAt (/Users/bhanumathi.s/dev/Customerfe/node_modules/@babel/parser/lib/index.js:4714:32)
      at TypeScriptParserMixin.jsxParseElement (/Users/bhanumathi.s/dev/Customerfe/node_modules/@babel/parser/lib/index.js:4765:17)
      at TypeScriptParserMixin.parseExprAtom (/Users/bhanumathi.s/dev/Customerfe/node_modules/@babel/parser/lib/index.js:4775:19)
      at TypeScriptParserMixin.parseExprSubscripts (/Users/bhanumathi.s/dev/Customerfe/node_modules/@babel/parser/lib/index.js:11102:23)
      at TypeScriptParserMixin.parseUpdate (/Users/bhanumathi.s/dev/Customerfe/node_modules/@babel/parser/lib/index.js:11087:21)
      at TypeScriptParserMixin.parseMaybeUnary (/Users/bhanumathi.s/dev/Customerfe/node_modules/@babel/parser/lib/index.js:11067:23)
      at TypeScriptParserMixin.parseMaybeUnary (/Users/bhanumathi.s/dev/Customerfe/node_modules/@babel/parser/lib/index.js:9858:18)
      at TypeScriptParserMixin.parseMaybeUnaryOrPrivate (/Users/bhanumathi.s/dev/Customerfe/node_modules/@babel/parser/lib/index.js:10920:61)
      at TypeScriptParserMixin.parseExprOps (/Users/bhanumathi.s/dev/Customerfe/node_modules/@babel/parser/lib/index.js:10925:23)
      at TypeScriptParserMixin.parseMaybeConditional (/Users/bhanumathi.s/dev/Customerfe/node_modules/@babel/parser/lib/index.js:10902:23)
      at TypeScriptParserMixin.parseMaybeAssign (/Users/bhanumathi.s/dev/Customerfe/node_modules/@babel/parser/lib/index.js:10852:21)
      at /Users/bhanumathi.s/dev/Customerfe/node_modules/@babel/parser/lib/index.js:9796:39
      at TypeScriptParserMixin.tryParse (/Users/bhanumathi.s/dev/Customerfe/node_modules/@babel/parser/lib/index.js:6928:20)
      at TypeScriptParserMixin.parseMaybeAssign (/Users/bhanumathi.s/dev/Customerfe/node_modules/@babel/parser/lib/index.js:9796:18)
      at /Users/bhanumathi.s/dev/Customerfe/node_modules/@babel/parser/lib/index.js:10821:39
      at TypeScriptParserMixin.allowInAnd (/Users/bhanumathi.s/dev/Customerfe/node_modules/@babel/parser/lib/index.js:12455:12)
      at TypeScriptParserMixin.parseMaybeAssignAllowIn (/Users/bhanumathi.s/dev/Customerfe/node_modules/@babel/parser/lib/index.js:10821:17)
      at TypeScriptParserMixin.parseMaybeAssignAllowInOrVoidPattern (/Users/bhanumathi.s/dev/Customerfe/node_modules/@babel/parser/lib/index.js:12522:17)
      at TypeScriptParserMixin.parseParenAndDistinguishExpression (/Users/bhanumathi.s/dev/Customerfe/node_modules/@babel/parser/lib/index.js:11701:28)
      at TypeScriptParserMixin.parseExprAtom (/Users/bhanumathi.s/dev/Customerfe/node_modules/@babel/parser/lib/index.js:11357:23)
      at TypeScriptParserMixin.parseExprAtom (/Users/bhanumathi.s/dev/Customerfe/node_modules/@babel/parser/lib/index.js:4780:20)
      at TypeScriptParserMixin.parseExprSubscripts (/Users/bhanumathi.s/dev/Customerfe/node_modules/@babel/parser/lib/index.js:11102:23)
      at TypeScriptParserMixin.parseUpdate (/Users/bhanumathi.s/dev/Customerfe/node_modules/@babel/parser/lib/index.js:11087:21)
      at TypeScriptParserMixin.parseMaybeUnary (/Users/bhanumathi.s/dev/Customerfe/node_modules/@babel/parser/lib/index.js:11067:23)
      at TypeScriptParserMixin.parseMaybeUnary (/Users/bhanumathi.s/dev/Customerfe/node_modules/@babel/parser/lib/index.js:9858:18)
      at TypeScriptParserMixin.parseMaybeUnaryOrPrivate (/Users/bhanumathi.s/dev/Customerfe/node_modules/@babel/parser/lib/index.js:10920:61)
      at TypeScriptParserMixin.parseExprOps (/Users/bhanumathi.s/dev/Customerfe/node_modules/@babel/parser/lib/index.js:10925:23)
      at TypeScriptParserMixin.parseMaybeConditional (/Users/bhanumathi.s/dev/Customerfe/node_modules/@babel/parser/lib/index.js:10902:23)
      at TypeScriptParserMixin.parseMaybeAssign (/Users/bhanumathi.s/dev/Customerfe/node_modules/@babel/parser/lib/index.js:10852:21)
      at TypeScriptParserMixin.parseMaybeAssign (/Users/bhanumathi.s/dev/Customerfe/node_modules/@babel/parser/lib/index.js:9807:20)
      at TypeScriptParserMixin.parseExpressionBase (/Users/bhanumathi.s/dev/Customerfe/node_modules/@babel/parser/lib/index.js:10805:23)
      at /Users/bhanumathi.s/dev/Customerfe/node_modules/@babel/parser/lib/index.js:10801:39
      at TypeScriptParserMixin.allowInAnd (/Users/bhanumathi.s/dev/Customerfe/node_modules/@babel/parser/lib/index.js:12450:16)
      at TypeScriptParserMixin.parseExpression (/Users/bhanumathi.s/dev/Customerfe/node_modules/@babel/parser/lib/index.js:10801:17)
      at TypeScriptParserMixin.parseReturnStatement (/Users/bhanumathi.s/dev/Customerfe/node_modules/@babel/parser/lib/index.js:13171:28)
      at TypeScriptParserMixin.parseStatementContent (/Users/bhanumathi.s/dev/Customerfe/node_modules/@babel/parser/lib/index.js:12827:21)
      at TypeScriptParserMixin.parseStatementContent (/Users/bhanumathi.s/dev/Customerfe/node_modules/@babel/parser/lib/index.js:9529:18)
      at TypeScriptParserMixin.parseStatementLike (/Users/bhanumathi.s/dev/Customerfe/node_modules/@babel/parser/lib/index.js:12796:17)
      at TypeScriptParserMixin.parseStatementListItem (/Users/bhanumathi.s/dev/Customerfe/node_modules/@babel/parser/lib/index.js:12776:17)
6:11:40 pm [vite] Internal server error: /Users/bhanumathi.s/dev/Customerfe/src/pages/RequestAccessPage.tsx: Unterminated JSX contents. (365:14)

  363 |         </div>
  364 |       </div>
> 365 |     </section>
      |               ^
  366 |   );
  367 | }
  368 |
  Plugin: vite:react-babel
  File: /Users/bhanumathi.s/dev/Customerfe/src/pages/RequestAccessPage.tsx:365:14
  363|          </div>
  364|        </div>
  365|      </section>
     |                ^
  366|    );
  367|  }
      at constructor (/Users/bhanumathi.s/dev/Customerfe/node_modules/@babel/parser/lib/index.js:369:19)
      at TypeScriptParserMixin.raise (/Users/bhanumathi.s/dev/Customerfe/node_modules/@babel/parser/lib/index.js:6620:19)
      at TypeScriptParserMixin.jsxReadToken (/Users/bhanumathi.s/dev/Customerfe/node_modules/@babel/parser/lib/index.js:4464:20)
      at TypeScriptParserMixin.getTokenFromCode (/Users/bhanumathi.s/dev/Customerfe/node_modules/@babel/parser/lib/index.js:4790:12)
      at TypeScriptParserMixin.getTokenFromCode (/Users/bhanumathi.s/dev/Customerfe/node_modules/@babel/parser/lib/index.js:10008:11)
      at TypeScriptParserMixin.nextToken (/Users/bhanumathi.s/dev/Customerfe/node_modules/@babel/parser/lib/index.js:5803:10)
      at TypeScriptParserMixin.next (/Users/bhanumathi.s/dev/Customerfe/node_modules/@babel/parser/lib/index.js:5713:10)
      at TypeScriptParserMixin.eat (/Users/bhanumathi.s/dev/Customerfe/node_modules/@babel/parser/lib/index.js:5717:12)
      at TypeScriptParserMixin.expect (/Users/bhanumathi.s/dev/Customerfe/node_modules/@babel/parser/lib/index.js:6919:15)
      at TypeScriptParserMixin.jsxParseClosingElementAt (/Users/bhanumathi.s/dev/Customerfe/node_modules/@babel/parser/lib/index.js:4696:10)
      at TypeScriptParserMixin.jsxParseElementAt (/Users/bhanumathi.s/dev/Customerfe/node_modules/@babel/parser/lib/index.js:4711:37)
      at TypeScriptParserMixin.jsxParseElementAt (/Users/bhanumathi.s/dev/Customerfe/node_modules/@babel/parser/lib/index.js:4714:32)
      at TypeScriptParserMixin.jsxParseElement (/Users/bhanumathi.s/dev/Customerfe/node_modules/@babel/parser/lib/index.js:4765:17)
      at TypeScriptParserMixin.parseExprAtom (/Users/bhanumathi.s/dev/Customerfe/node_modules/@babel/parser/lib/index.js:4775:19)
      at TypeScriptParserMixin.parseExprSubscripts (/Users/bhanumathi.s/dev/Customerfe/node_modules/@babel/parser/lib/index.js:11102:23)
      at TypeScriptParserMixin.parseUpdate (/Users/bhanumathi.s/dev/Customerfe/node_modules/@babel/parser/lib/index.js:11087:21)
      at TypeScriptParserMixin.parseMaybeUnary (/Users/bhanumathi.s/dev/Customerfe/node_modules/@babel/parser/lib/index.js:11067:23)
      at TypeScriptParserMixin.parseMaybeUnary (/Users/bhanumathi.s/dev/Customerfe/node_modules/@babel/parser/lib/index.js:9858:18)
      at TypeScriptParserMixin.parseMaybeUnaryOrPrivate (/Users/bhanumathi.s/dev/Customerfe/node_modules/@babel/parser/lib/index.js:10920:61)
      at TypeScriptParserMixin.parseExprOps (/Users/bhanumathi.s/dev/Customerfe/node_modules/@babel/parser/lib/index.js:10925:23)
      at TypeScriptParserMixin.parseMaybeConditional (/Users/bhanumathi.s/dev/Customerfe/node_modules/@babel/parser/lib/index.js:10902:23)
      at TypeScriptParserMixin.parseMaybeAssign (/Users/bhanumathi.s/dev/Customerfe/node_modules/@babel/parser/lib/index.js:10852:21)
      at /Users/bhanumathi.s/dev/Customerfe/node_modules/@babel/parser/lib/index.js:9796:39
      at TypeScriptParserMixin.tryParse (/Users/bhanumathi.s/dev/Customerfe/node_modules/@babel/parser/lib/index.js:6928:20)
      at TypeScriptParserMixin.parseMaybeAssign (/Users/bhanumathi.s/dev/Customerfe/node_modules/@babel/parser/lib/index.js:9796:18)
      at /Users/bhanumathi.s/dev/Customerfe/node_modules/@babel/parser/lib/index.js:10821:39
      at TypeScriptParserMixin.allowInAnd (/Users/bhanumathi.s/dev/Customerfe/node_modules/@babel/parser/lib/index.js:12455:12)
      at TypeScriptParserMixin.parseMaybeAssignAllowIn (/Users/bhanumathi.s/dev/Customerfe/node_modules/@babel/parser/lib/index.js:10821:17)
      at TypeScriptParserMixin.parseMaybeAssignAllowInOrVoidPattern (/Users/bhanumathi.s/dev/Customerfe/node_modules/@babel/parser/lib/index.js:12522:17)
      at TypeScriptParserMixin.parseParenAndDistinguishExpression (/Users/bhanumathi.s/dev/Customerfe/node_modules/@babel/parser/lib/index.js:11701:28)
      at TypeScriptParserMixin.parseExprAtom (/Users/bhanumathi.s/dev/Customerfe/node_modules/@babel/parser/lib/index.js:11357:23)
      at TypeScriptParserMixin.parseExprAtom (/Users/bhanumathi.s/dev/Customerfe/node_modules/@babel/parser/lib/index.js:4780:20)
      at TypeScriptParserMixin.parseExprSubscripts (/Users/bhanumathi.s/dev/Customerfe/node_modules/@babel/parser/lib/index.js:11102:23)
      at TypeScriptParserMixin.parseUpdate (/Users/bhanumathi.s/dev/Customerfe/node_modules/@babel/parser/lib/index.js:11087:21)
      at TypeScriptParserMixin.parseMaybeUnary (/Users/bhanumathi.s/dev/Customerfe/node_modules/@babel/parser/lib/index.js:11067:23)
      at TypeScriptParserMixin.parseMaybeUnary (/Users/bhanumathi.s/dev/Customerfe/node_modules/@babel/parser/lib/index.js:9858:18)
      at TypeScriptParserMixin.parseMaybeUnaryOrPrivate (/Users/bhanumathi.s/dev/Customerfe/node_modules/@babel/parser/lib/index.js:10920:61)
      at TypeScriptParserMixin.parseExprOps (/Users/bhanumathi.s/dev/Customerfe/node_modules/@babel/parser/lib/index.js:10925:23)
      at TypeScriptParserMixin.parseMaybeConditional (/Users/bhanumathi.s/dev/Customerfe/node_modules/@babel/parser/lib/index.js:10902:23)
      at TypeScriptParserMixin.parseMaybeAssign (/Users/bhanumathi.s/dev/Customerfe/node_modules/@babel/parser/lib/index.js:10852:21)
      at TypeScriptParserMixin.parseMaybeAssign (/Users/bhanumathi.s/dev/Customerfe/node_modules/@babel/parser/lib/index.js:9807:20)
      at TypeScriptParserMixin.parseExpressionBase (/Users/bhanumathi.s/dev/Customerfe/node_modules/@babel/parser/lib/index.js:10805:23)
      at /Users/bhanumathi.s/dev/Customerfe/node_modules/@babel/parser/lib/index.js:10801:39
      at TypeScriptParserMixin.allowInAnd (/Users/bhanumathi.s/dev/Customerfe/node_modules/@babel/parser/lib/index.js:12450:16)
      at TypeScriptParserMixin.parseExpression (/Users/bhanumathi.s/dev/Customerfe/node_modules/@babel/parser/lib/index.js:10801:17)
      at TypeScriptParserMixin.parseReturnStatement (/Users/bhanumathi.s/dev/Customerfe/node_modules/@babel/parser/lib/index.js:13171:28)
      at TypeScriptParserMixin.parseStatementContent (/Users/bhanumathi.s/dev/Customerfe/node_modules/@babel/parser/lib/index.js:12827:21)
      at TypeScriptParserMixin.parseStatementContent (/Users/bhanumathi.s/dev/Customerfe/node_modules/@babel/parser/lib/index.js:9529:18)
      at TypeScriptParserMixin.parseStatementLike (/Users/bhanumathi.s/dev/Customerfe/node_modules/@babel/parser/lib/index.js:12796:17)
      at TypeScriptParserMixin.parseStatementListItem (/Users/bhanumathi.s/dev/Customerfe/node_modules/@babel/parser/lib/index.js:12776:17)
6:11:40 pm [vite] Internal server error: /Users/bhanumathi.s/dev/Customerfe/src/pages/RequestAccessPage.tsx: Unterminated JSX contents. (365:14)

  363 |         </div>
  364 |       </div>
> 365 |     </section>
      |               ^
  366 |   );
  367 | }
  368 |
  Plugin: vite:react-babel
  File: /Users/bhanumathi.s/dev/Customerfe/src/pages/RequestAccessPage.tsx:365:14
  363|          </div>
  364|        </div>
  365|      </section>
     |                ^
  366|    );
  367|  }
      at constructor (/Users/bhanumathi.s/dev/Customerfe/node_modules/@babel/parser/lib/index.js:369:19)
      at TypeScriptParserMixin.raise (/Users/bhanumathi.s/dev/Customerfe/node_modules/@babel/parser/lib/index.js:6620:19)
      at TypeScriptParserMixin.jsxReadToken (/Users/bhanumathi.s/dev/Customerfe/node_modules/@babel/parser/lib/index.js:4464:20)
      at TypeScriptParserMixin.getTokenFromCode (/Users/bhanumathi.s/dev/Customerfe/node_modules/@babel/parser/lib/index.js:4790:12)
      at TypeScriptParserMixin.getTokenFromCode (/Users/bhanumathi.s/dev/Customerfe/node_modules/@babel/parser/lib/index.js:10008:11)
      at TypeScriptParserMixin.nextToken (/Users/bhanumathi.s/dev/Customerfe/node_modules/@babel/parser/lib/index.js:5803:10)
      at TypeScriptParserMixin.next (/Users/bhanumathi.s/dev/Customerfe/node_modules/@babel/parser/lib/index.js:5713:10)
      at TypeScriptParserMixin.eat (/Users/bhanumathi.s/dev/Customerfe/node_modules/@babel/parser/lib/index.js:5717:12)
      at TypeScriptParserMixin.expect (/Users/bhanumathi.s/dev/Customerfe/node_modules/@babel/parser/lib/index.js:6919:15)
      at TypeScriptParserMixin.jsxParseClosingElementAt (/Users/bhanumathi.s/dev/Customerfe/node_modules/@babel/parser/lib/index.js:4696:10)
      at TypeScriptParserMixin.jsxParseElementAt (/Users/bhanumathi.s/dev/Customerfe/node_modules/@babel/parser/lib/index.js:4711:37)
      at TypeScriptParserMixin.jsxParseElementAt (/Users/bhanumathi.s/dev/Customerfe/node_modules/@babel/parser/lib/index.js:4714:32)
      at TypeScriptParserMixin.jsxParseElement (/Users/bhanumathi.s/dev/Customerfe/node_modules/@babel/parser/lib/index.js:4765:17)
      at TypeScriptParserMixin.parseExprAtom (/Users/bhanumathi.s/dev/Customerfe/node_modules/@babel/parser/lib/index.js:4775:19)
      at TypeScriptParserMixin.parseExprSubscripts (/Users/bhanumathi.s/dev/Customerfe/node_modules/@babel/parser/lib/index.js:11102:23)
      at TypeScriptParserMixin.parseUpdate (/Users/bhanumathi.s/dev/Customerfe/node_modules/@babel/parser/lib/index.js:11087:21)
      at TypeScriptParserMixin.parseMaybeUnary (/Users/bhanumathi.s/dev/Customerfe/node_modules/@babel/parser/lib/index.js:11067:23)
      at TypeScriptParserMixin.parseMaybeUnary (/Users/bhanumathi.s/dev/Customerfe/node_modules/@babel/parser/lib/index.js:9858:18)
      at TypeScriptParserMixin.parseMaybeUnaryOrPrivate (/Users/bhanumathi.s/dev/Customerfe/node_modules/@babel/parser/lib/index.js:10920:61)
      at TypeScriptParserMixin.parseExprOps (/Users/bhanumathi.s/dev/Customerfe/node_modules/@babel/parser/lib/index.js:10925:23)
      at TypeScriptParserMixin.parseMaybeConditional (/Users/bhanumathi.s/dev/Customerfe/node_modules/@babel/parser/lib/index.js:10902:23)
      at TypeScriptParserMixin.parseMaybeAssign (/Users/bhanumathi.s/dev/Customerfe/node_modules/@babel/parser/lib/index.js:10852:21)
      at /Users/bhanumathi.s/dev/Customerfe/node_modules/@babel/parser/lib/index.js:9796:39
      at TypeScriptParserMixin.tryParse (/Users/bhanumathi.s/dev/Customerfe/node_modules/@babel/parser/lib/index.js:6928:20)
      at TypeScriptParserMixin.parseMaybeAssign (/Users/bhanumathi.s/dev/Customerfe/node_modules/@babel/parser/lib/index.js:9796:18)
      at /Users/bhanumathi.s/dev/Customerfe/node_modules/@babel/parser/lib/index.js:10821:39
      at TypeScriptParserMixin.allowInAnd (/Users/bhanumathi.s/dev/Customerfe/node_modules/@babel/parser/lib/index.js:12455:12)
      at TypeScriptParserMixin.parseMaybeAssignAllowIn (/Users/bhanumathi.s/dev/Customerfe/node_modules/@babel/parser/lib/index.js:10821:17)
      at TypeScriptParserMixin.parseMaybeAssignAllowInOrVoidPattern (/Users/bhanumathi.s/dev/Customerfe/node_modules/@babel/parser/lib/index.js:12522:17)
      at TypeScriptParserMixin.parseParenAndDistinguishExpression (/Users/bhanumathi.s/dev/Customerfe/node_modules/@babel/parser/lib/index.js:11701:28)
      at TypeScriptParserMixin.parseExprAtom (/Users/bhanumathi.s/dev/Customerfe/node_modules/@babel/parser/lib/index.js:11357:23)
      at TypeScriptParserMixin.parseExprAtom (/Users/bhanumathi.s/dev/Customerfe/node_modules/@babel/parser/lib/index.js:4780:20)
      at TypeScriptParserMixin.parseExprSubscripts (/Users/bhanumathi.s/dev/Customerfe/node_modules/@babel/parser/lib/index.js:11102:23)
      at TypeScriptParserMixin.parseUpdate (/Users/bhanumathi.s/dev/Customerfe/node_modules/@babel/parser/lib/index.js:11087:21)
      at TypeScriptParserMixin.parseMaybeUnary (/Users/bhanumathi.s/dev/Customerfe/node_modules/@babel/parser/lib/index.js:11067:23)
      at TypeScriptParserMixin.parseMaybeUnary (/Users/bhanumathi.s/dev/Customerfe/node_modules/@babel/parser/lib/index.js:9858:18)
      at TypeScriptParserMixin.parseMaybeUnaryOrPrivate (/Users/bhanumathi.s/dev/Customerfe/node_modules/@babel/parser/lib/index.js:10920:61)
      at TypeScriptParserMixin.parseExprOps (/Users/bhanumathi.s/dev/Customerfe/node_modules/@babel/parser/lib/index.js:10925:23)
      at TypeScriptParserMixin.parseMaybeConditional (/Users/bhanumathi.s/dev/Customerfe/node_modules/@babel/parser/lib/index.js:10902:23)
      at TypeScriptParserMixin.parseMaybeAssign (/Users/bhanumathi.s/dev/Customerfe/node_modules/@babel/parser/lib/index.js:10852:21)
      at TypeScriptParserMixin.parseMaybeAssign (/Users/bhanumathi.s/dev/Customerfe/node_modules/@babel/parser/lib/index.js:9807:20)
      at TypeScriptParserMixin.parseExpressionBase (/Users/bhanumathi.s/dev/Customerfe/node_modules/@babel/parser/lib/index.js:10805:23)
      at /Users/bhanumathi.s/dev/Customerfe/node_modules/@babel/parser/lib/index.js:10801:39
      at TypeScriptParserMixin.allowInAnd (/Users/bhanumathi.s/dev/Customerfe/node_modules/@babel/parser/lib/index.js:12450:16)
      at TypeScriptParserMixin.parseExpression (/Users/bhanumathi.s/dev/Customerfe/node_modules/@babel/parser/lib/index.js:10801:17)
      at TypeScriptParserMixin.parseReturnStatement (/Users/bhanumathi.s/dev/Customerfe/node_modules/@babel/parser/lib/index.js:13171:28)
      at TypeScriptParserMixin.parseStatementContent (/Users/bhanumathi.s/dev/Customerfe/node_modules/@babel/parser/lib/index.js:12827:21)
      at TypeScriptParserMixin.parseStatementContent (/Users/bhanumathi.s/dev/Customerfe/node_modules/@babel/parser/lib/index.js:9529:18)
      at TypeScriptParserMixin.parseStatementLike (/Users/bhanumathi.s/dev/Customerfe/node_modules/@babel/parser/lib/index.js:12796:17)
      at TypeScriptParserMixin.parseStatementListItem (/Users/bhanumathi.s/dev/Customerfe/node_modules/@babel/parser/lib/index.js:12776:17)
6:11:40 pm [vite] Internal server error: /Users/bhanumathi.s/dev/Customerfe/src/pages/RequestAccessPage.tsx: Unterminated JSX contents. (365:14)

  363 |         </div>
  364 |       </div>
> 365 |     </section>
      |               ^
  366 |   );
  367 | }
  368 |
  Plugin: vite:react-babel
  File: /Users/bhanumathi.s/dev/Customerfe/src/pages/RequestAccessPage.tsx:365:14
  363|          </div>
  364|        </div>
  365|      </section>
     |                ^
  366|    );
  367|  }
      at constructor (/Users/bhanumathi.s/dev/Customerfe/node_modules/@babel/parser/lib/index.js:369:19)
      at TypeScriptParserMixin.raise (/Users/bhanumathi.s/dev/Customerfe/node_modules/@babel/parser/lib/index.js:6620:19)
      at TypeScriptParserMixin.jsxReadToken (/Users/bhanumathi.s/dev/Customerfe/node_modules/@babel/parser/lib/index.js:4464:20)
      at TypeScriptParserMixin.getTokenFromCode (/Users/bhanumathi.s/dev/Customerfe/node_modules/@babel/parser/lib/index.js:4790:12)
      at TypeScriptParserMixin.getTokenFromCode (/Users/bhanumathi.s/dev/Customerfe/node_modules/@babel/parser/lib/index.js:10008:11)
      at TypeScriptParserMixin.nextToken (/Users/bhanumathi.s/dev/Customerfe/node_modules/@babel/parser/lib/index.js:5803:10)
      at TypeScriptParserMixin.next (/Users/bhanumathi.s/dev/Customerfe/node_modules/@babel/parser/lib/index.js:5713:10)
      at TypeScriptParserMixin.eat (/Users/bhanumathi.s/dev/Customerfe/node_modules/@babel/parser/lib/index.js:5717:12)
      at TypeScriptParserMixin.expect (/Users/bhanumathi.s/dev/Customerfe/node_modules/@babel/parser/lib/index.js:6919:15)
      at TypeScriptParserMixin.jsxParseClosingElementAt (/Users/bhanumathi.s/dev/Customerfe/node_modules/@babel/parser/lib/index.js:4696:10)
      at TypeScriptParserMixin.jsxParseElementAt (/Users/bhanumathi.s/dev/Customerfe/node_modules/@babel/parser/lib/index.js:4711:37)
      at TypeScriptParserMixin.jsxParseElementAt (/Users/bhanumathi.s/dev/Customerfe/node_modules/@babel/parser/lib/index.js:4714:32)
      at TypeScriptParserMixin.jsxParseElement (/Users/bhanumathi.s/dev/Customerfe/node_modules/@babel/parser/lib/index.js:4765:17)
      at TypeScriptParserMixin.parseExprAtom (/Users/bhanumathi.s/dev/Customerfe/node_modules/@babel/parser/lib/index.js:4775:19)
      at TypeScriptParserMixin.parseExprSubscripts (/Users/bhanumathi.s/dev/Customerfe/node_modules/@babel/parser/lib/index.js:11102:23)
      at TypeScriptParserMixin.parseUpdate (/Users/bhanumathi.s/dev/Customerfe/node_modules/@babel/parser/lib/index.js:11087:21)
      at TypeScriptParserMixin.parseMaybeUnary (/Users/bhanumathi.s/dev/Customerfe/node_modules/@babel/parser/lib/index.js:11067:23)
      at TypeScriptParserMixin.parseMaybeUnary (/Users/bhanumathi.s/dev/Customerfe/node_modules/@babel/parser/lib/index.js:9858:18)
      at TypeScriptParserMixin.parseMaybeUnaryOrPrivate (/Users/bhanumathi.s/dev/Customerfe/node_modules/@babel/parser/lib/index.js:10920:61)
      at TypeScriptParserMixin.parseExprOps (/Users/bhanumathi.s/dev/Customerfe/node_modules/@babel/parser/lib/index.js:10925:23)
      at TypeScriptParserMixin.parseMaybeConditional (/Users/bhanumathi.s/dev/Customerfe/node_modules/@babel/parser/lib/index.js:10902:23)
      at TypeScriptParserMixin.parseMaybeAssign (/Users/bhanumathi.s/dev/Customerfe/node_modules/@babel/parser/lib/index.js:10852:21)
      at /Users/bhanumathi.s/dev/Customerfe/node_modules/@babel/parser/lib/index.js:9796:39
      at TypeScriptParserMixin.tryParse (/Users/bhanumathi.s/dev/Customerfe/node_modules/@babel/parser/lib/index.js:6928:20)
      at TypeScriptParserMixin.parseMaybeAssign (/Users/bhanumathi.s/dev/Customerfe/node_modules/@babel/parser/lib/index.js:9796:18)
      at /Users/bhanumathi.s/dev/Customerfe/node_modules/@babel/parser/lib/index.js:10821:39
      at TypeScriptParserMixin.allowInAnd (/Users/bhanumathi.s/dev/Customerfe/node_modules/@babel/parser/lib/index.js:12455:12)
      at TypeScriptParserMixin.parseMaybeAssignAllowIn (/Users/bhanumathi.s/dev/Customerfe/node_modules/@babel/parser/lib/index.js:10821:17)
      at TypeScriptParserMixin.parseMaybeAssignAllowInOrVoidPattern (/Users/bhanumathi.s/dev/Customerfe/node_modules/@babel/parser/lib/index.js:12522:17)
      at TypeScriptParserMixin.parseParenAndDistinguishExpression (/Users/bhanumathi.s/dev/Customerfe/node_modules/@babel/parser/lib/index.js:11701:28)
      at TypeScriptParserMixin.parseExprAtom (/Users/bhanumathi.s/dev/Customerfe/node_modules/@babel/parser/lib/index.js:11357:23)
      at TypeScriptParserMixin.parseExprAtom (/Users/bhanumathi.s/dev/Customerfe/node_modules/@babel/parser/lib/index.js:4780:20)
      at TypeScriptParserMixin.parseExprSubscripts (/Users/bhanumathi.s/dev/Customerfe/node_modules/@babel/parser/lib/index.js:11102:23)
      at TypeScriptParserMixin.parseUpdate (/Users/bhanumathi.s/dev/Customerfe/node_modules/@babel/parser/lib/index.js:11087:21)
      at TypeScriptParserMixin.parseMaybeUnary (/Users/bhanumathi.s/dev/Customerfe/node_modules/@babel/parser/lib/index.js:11067:23)
      at TypeScriptParserMixin.parseMaybeUnary (/Users/bhanumathi.s/dev/Customerfe/node_modules/@babel/parser/lib/index.js:9858:18)
      at TypeScriptParserMixin.parseMaybeUnaryOrPrivate (/Users/bhanumathi.s/dev/Customerfe/node_modules/@babel/parser/lib/index.js:10920:61)
      at TypeScriptParserMixin.parseExprOps (/Users/bhanumathi.s/dev/Customerfe/node_modules/@babel/parser/lib/index.js:10925:23)
      at TypeScriptParserMixin.parseMaybeConditional (/Users/bhanumathi.s/dev/Customerfe/node_modules/@babel/parser/lib/index.js:10902:23)
      at TypeScriptParserMixin.parseMaybeAssign (/Users/bhanumathi.s/dev/Customerfe/node_modules/@babel/parser/lib/index.js:10852:21)
      at TypeScriptParserMixin.parseMaybeAssign (/Users/bhanumathi.s/dev/Customerfe/node_modules/@babel/parser/lib/index.js:9807:20)
      at TypeScriptParserMixin.parseExpressionBase (/Users/bhanumathi.s/dev/Customerfe/node_modules/@babel/parser/lib/index.js:10805:23)
      at /Users/bhanumathi.s/dev/Customerfe/node_modules/@babel/parser/lib/index.js:10801:39
      at TypeScriptParserMixin.allowInAnd (/Users/bhanumathi.s/dev/Customerfe/node_modules/@babel/parser/lib/index.js:12450:16)
      at TypeScriptParserMixin.parseExpression (/Users/bhanumathi.s/dev/Customerfe/node_modules/@babel/parser/lib/index.js:10801:17)
      at TypeScriptParserMixin.parseReturnStatement (/Users/bhanumathi.s/dev/Customerfe/node_modules/@babel/parser/lib/index.js:13171:28)
      at TypeScriptParserMixin.parseStatementContent (/Users/bhanumathi.s/dev/Customerfe/node_modules/@babel/parser/lib/index.js:12827:21)
      at TypeScriptParserMixin.parseStatementContent (/Users/bhanumathi.s/dev/Customerfe/node_modules/@babel/parser/lib/index.js:9529:18)
      at TypeScriptParserMixin.parseStatementLike (/Users/bhanumathi.s/dev/Customerfe/node_modules/@babel/parser/lib/index.js:12796:17)
      at TypeScriptParserMixin.parseStatementListItem (/Users/bhanumathi.s/dev/Customerfe/node_modules/@babel/parser/lib/index.js:12776:17)
6:11:44 pm [vite] hmr update /src/pages/RequestAccessPage.tsx
6:11:53 pm [vite] hmr update /src/pages/RequestAccessPage.tsx
6:12:05 pm [vite] hmr update /src/pages/RequestAccessPage.tsx
6:12:08 pm [vite] hmr update /src/pages/RequestAccessPage.tsx
6:12:26 pm [vite] hmr update /src/pages/RequestAccessPage.tsx
6:12:40 pm [vite] hmr update /src/pages/RequestAccessPage.tsx
6:12:44 pm [vite] hmr update /src/pages/RequestAccessPage.tsx
6:19:49 pm [vite] hmr update /src/pages/PageRouter.tsx
6:19:54 pm [vite] hmr update /src/pages/PageRouter.tsx
7:30:21 pm [vite] hmr update /src/pages/RequestAccessPage.tsx
7:30:26 pm [vite] hmr update /src/pages/RequestAccessPage.tsx
7:30:34 pm [vite] hmr update /src/pages/RequestAccessPage.tsx
7:30:46 pm [vite] hmr update /src/pages/RequestAccessPage.tsx
7:30:58 pm [vite] hmr update /src/pages/RequestAccessPage.tsx
7:31:19 pm [vite] hmr update /src/pages/RequestAccessPage.tsx
7:31:32 pm [vite] hmr update /src/pages/RequestAccessPage.tsx
7:31:42 pm [vite] hmr update /src/pages/RequestAccessPage.tsx
7:31:59 pm [vite] hmr update /src/pages/RequestAccessPage.tsx
7:34:36 pm [vite] hmr update /src/pages/RequestAccessPage.tsx
7:34:40 pm [vite] hmr update /src/pages/RequestAccessPage.tsx
7:34:45 pm [vite] hmr update /src/pages/RequestAccessPage.tsx
7:34:48 pm [vite] hmr update /src/pages/RequestAccessPage.tsx
7:34:52 pm [vite] hmr update /src/pages/RequestAccessPage.tsx
7:34:58 pm [vite] hmr update /src/pages/RequestAccessPage.tsx
7:35:02 pm [vite] hmr update /src/pages/RequestAccessPage.tsx
8:16:50 pm [vite] hmr update /src/pages/RequestAccessPage.tsx
10:53:41 am [vite] hmr update /src/pages/RequestAccessPage.tsx
10:53:47 am [vite] hmr update /src/pages/RequestAccessPage.tsx
10:53:57 am [vite] hmr update /src/pages/RequestAccessPage.tsx
10:54:05 am [vite] hmr update /src/pages/RequestAccessPage.tsx
10:54:11 am [vite] hmr update /src/pages/RequestAccessPage.tsx
10:54:14 am [vite] hmr update /src/pages/RequestAccessPage.tsx
10:54:19 am [vite] hmr update /src/pages/RequestAccessPage.tsx
10:54:22 am [vite] hmr update /src/pages/RequestAccessPage.tsx
10:54:28 am [vite] hmr update /src/pages/RequestAccessPage.tsx
10:54:31 am [vite] hmr update /src/pages/RequestAccessPage.tsx
10:54:35 am [vite] hmr update /src/pages/RequestAccessPage.tsx
11:02:01 am [vite] hmr update /src/pages/RequestAccessPage.tsx
11:02:09 am [vite] hmr update /src/pages/RequestAccessPage.tsx
11:02:17 am [vite] hmr update /src/pages/RequestAccessPage.tsx
11:02:21 am [vite] hmr update /src/pages/RequestAccessPage.tsx
11:02:24 am [vite] hmr update /src/pages/RequestAccessPage.tsx
11:02:26 am [vite] hmr update /src/pages/RequestAccessPage.tsx
11:02:29 am [vite] hmr update /src/pages/RequestAccessPage.tsx
11:02:36 am [vite] hmr update /src/pages/RequestAccessPage.tsx
11:05:59 am [vite] hmr update /src/pages/RequestAccessPage.tsx
11:06:02 am [vite] hmr update /src/pages/RequestAccessPage.tsx
11:06:08 am [vite] hmr update /src/pages/RequestAccessPage.tsx
11:06:12 am [vite] hmr update /src/pages/RequestAccessPage.tsx
11:06:20 am [vite] hmr update /src/pages/RequestAccessPage.tsx
11:06:23 am [vite] hmr update /src/pages/RequestAccessPage.tsx
11:06:27 am [vite] hmr update /src/pages/RequestAccessPage.tsx
11:06:38 am [vite] hmr update /src/pages/RequestAccessPage.tsx
11:06:47 am [vite] hmr update /src/pages/ZonePage.tsx, /src/pages/CityPage.tsx, /src/components/WorldMap.tsx
11:16:05 am [vite] hmr update /src/pages/RequestAccessPage.tsx
11:22:30 am [vite] hmr update /src/components/layout/Footer.tsx
11:28:53 am [vite] hmr update /src/components/layout/Header.tsx
11:31:16 am [vite] hmr update /src/lib/navMenu.tsx
11:31:17 am [vite] hmr invalidate /src/lib/navMenu.tsx Could not Fast Refresh ("useNavMenu" export is incompatible). Learn more at https://github.com/vitejs/vite-plugin-react/tree/main/packages/plugin-react#consistent-components-exports
11:31:17 am [vite] hmr update /src/components/layout/Layout.tsx, /src/components/layout/Header.tsx, /src/components/layout/MobileTabbar.tsx
11:31:25 am [vite] hmr update /src/components/layout/MobileTabbar.tsx
1:03:23 pm [vite] hmr update /src/pages/ReferPage.tsx
1:04:03 pm [vite] hmr update /src/css/site.css
1:04:12 pm [vite] hmr update /src/css/site.css
1:04:18 pm [vite] hmr update /src/components/layout/Header.tsx
